time,"-25,0","-25,5","-20,-5","-20,0","-20,5","-20,10","-15,-15","-15,-10","-15,-5","-15,0","-15,5","-15,10","-10,-15","-10,-5","-10,0","-10,5","-10,10","-5,-15","-5,-10","-5,-5","-5,0","0,-10","0,-5","0,5","5,-15","5,-10","5,-5","5,0","5,10","10,-15","10,-10","10,-5","10,0","10,5","15,0","20,-20"
2.0,0.00248871355092,0.0041027747853,0.00214764062763,0.00280069762892,0.0036759809529,0.00294976301316,0.00523756983047,0.00321063923088,0.00266835153388,0.0032998166752,0.00318407997723,0.00246006308238,0.00327067061098,0.00261054767479,0.00403318732762,0.00347782146983,0.00338123370014,0.00225124475628,0.0019940034526,0.00174679883692,0.00127019790644,0.00261763544192,0.00235352815592,0.00224591787004,0.00170298239045,0.00233580882936,0.00246754454271,0.00289181483808,0.00210145602953,0.00346992250644,0.00208785030032,0.00175480136612,0.00225356359377,0.00178627285452,0.00228781029224,0.00197033412734
2.05,0.00290132731787,0.0039927595839,0.00222537804903,0.00354213977895,0.00361666596398,0.0029622555578,0.00436766224997,0.0032967227941,0.00261896156162,0.00342227773715,0.00346750322566,0.00208507797026,0.00324319001586,0.0027650431251,0.00421897808478,0.00370926209962,0.00345006480832,0.00218383132451,0.00194251623369,0.00148375744915,0.00145987884333,0.00272007341083,0.00260559081012,0.00185969166374,0.00185764892333,0.00285169778971,0.00216689150995,0.00271368638354,0.00228490495118,0.0030056466674,0.00253820099443,0.00246088530995,0.00213099795536,0.00176900963627,0.00172721866008,0.00219392165065
2.1,0.00358821054823,0.00358364095164,0.00195478180796,0.00416803005645,0.00376040498271,0.00346151589312,0.00352192462609,0.00318597947218,0.00286758965769,0.00327392916228,0.00354986297956,0.00183851560333,0.00295427873188,0.00305026092467,0.00367507718548,0.00391393124143,0.0037682749586,0.0020207091899,0.00239118234053,0.00151317429788,0.00191722006404,0.00266818945046,0.00183234608743,0.00166857037649,0.00202665812479,0.00326334221175,0.00219587881555,0.00259939869116,0.00245089232976,0.0025719086531,0.0028268404297,0.00298961573565,0.00193581041267,0.00173277072348,0.00142784351459,0.00234380842191
2.15,0.00395397156583,0.00350874293908,0.00254605448369,0.0045011929212,0.00405255477206,0.0043581821528,0.00316115896946,0.00256952954165,0.00306885078967,0.00301357521277,0.00364574154679,0.00201895312914,0.00285273582107,0.00269990116696,0.0037022858434,0.00290582025409,0.00434078895697,0.00164387649975,0.00263379985858,0.0013161854159,0.00234768598883,0.0024769373793,0.00106657602904,0.00155542298841,0.00243336157517,0.0031660409332,0.00227665123332,0.00222794017511,0.0021763565376,0.00211750742807,0.002675268156,0.00203176145826,0.00174622403533,0.00172613301651,0.00166989277524,0.0022229665968
2.2,0.00429786150347,0.00327077019871,0.00259118252459,0.00492316451223,0.00395979947523,0.00506064766866,0.00310326334407,0.0023541108523,0.00334687052323,0.00272954891221,0.00329599059487,0.00219643429686,0.00290957066252,0.00249602270467,0.00337933471375,0.00265226479921,0.00408477566307,0.00136394539523,0.00282637812322,0.00136663495511,0.00242487618225,0.00221515993895,0.00104998686247,0.00174706748591,0.00264582153735,0.00299876863703,0.001922281196,0.00192767957938,0.00227977395466,0.00155867752142,0.00239622327677,0.00147434434442,0.00164574400276,0.0017697084846,0.00194282547739,0.00250022642923
2.25,0.00468353859162,0.00326083211613,0.00229468251243,0.00498150242261,0.003493769233,0.0045113859419,0.00284016479768,0.00216980910546,0.00372728798769,0.00273664077532,0.00311558557679,0.00251020563093,0.00300359563697,0.00256119672955,0.00288982676651,0.00214683969463,0.00342659189554,0.00121210187249,0.00243107166375,0.00151431539909,0.00236170810597,0.00205309751098,0.00138604040334,0.0017139442246,0.0028776039528,0.00274557621599,0.00195825837279,0.00192740344214,0.00242724547344,0.00187226806485,0.00201660806486,0.00131108200998,0.00156893398394,0.00194194640699,0.00189624927161,0.00264074226933
2.3,0.00407816440757,0.00326049064885,0.00228489071329,0.00346834330647,0.00305276784939,0.00354994869535,0.00246313837431,0.00196758262716,0.00374732909911,0.00250600789626,0.0029101374291,0.00269827486589,0.00273919527632,0.0024013801913,0.00277549542323,0.00220254238125,0.0033583105948,0.00142043793561,0.00195719390822,0.00145321081987,0.00268347671939,0.00187930296452,0.00183191527077,0.00152383317369,0.00312446043247,0.00285424147896,0.0021112397487,0.00220651195786,0.00266412906438,0.00213966952212,0.00188449241815,0.00172121856159,0.00163830005358,0.00189050843457,0.00167254430194,0.00265232460865
2.35,0.00347933358073,0.00352791234999,0.00268460238574,0.00296973696086,0.00303288115511,0.00323125162542,0.00199792534634,0.00209500880993,0.00327254635362,0.00269767514928,0.00302479362479,0.00303670287191,0.00254267295098,0.00240351743636,0.00290171688011,0.0020047178083,0.00277941569641,0.00169204436401,0.00172988779294,0.00144439228602,0.00330437119148,0.00189448082206,0.00172177180423,0.00160753751533,0.00268105513457,0.00304405630208,0.00237672082857,0.00246338681332,0.00265525428352,0.00234266267546,0.00243738836118,0.00158565129711,0.00180410666194,0.00174402237102,0.00142614215601,0.00227106987848
2.4,0.00334807237013,0.00349987465377,0.00225856521374,0.00277529091599,0.00368443086234,0.00324098736941,0.00195851361698,0.00185516355805,0.00287355079431,0.00277864344197,0.003051414324,0.0033461296419,0.0021105002299,0.00211020652091,0.00321305900558,0.0020526663531,0.00246903847006,0.00200664323185,0.00154427544129,0.00130224007974,0.00345348446127,0.0019866978031,0.0014999040267,0.00168209267412,0.0023946290749,0.00363797265857,0.00244716074436,0.00240315987378,0.00273893167484,0.0027009812875,0.00351444881519,0.00150340998927,0.0018127459385,0.00170685817876,0.00157311960014,0.00168043439306
2.45,0.00369407510348,0.00326054521302,0.00256960765304,0.00299805780689,0.00410861824873,0.00324975222533,0.00250346153426,0.0018825770948,0.00287765657436,0.00282804464663,0.00345041814548,0.0032721698569,0.00177545905172,0.00226826368067,0.00325705340548,0.00243570678328,0.00228373621299,0.00207843657606,0.00141287986766,0.00153585864293,0.00347747999601,0.00194279535494,0.00192800881642,0.00188573821097,0.00244335800569,0.00356338605729,0.00275612955275,0.00237217216059,0.00277472921533,0.00318633181927,0.00379620068093,0.00160311483166,0.00179869379528,0.00174297883628,0.00234215920454,0.00151233549509
2.5,0.00396040025136,0.00337803822538,0.0026883455302,0.00405147172106,0.00419333465423,0.00325931121557,0.00352359641441,0.00208266987399,0.0032374608534,0.00282514819978,0.00353732006138,0.00349331703888,0.00200587026392,0.00249351598929,0.00369549925638,0.00224047397258,0.00228191726074,0.00217674613748,0.00123854407928,0.00147826324665,0.00345517214181,0.00220513248637,0.00227263976037,0.0020784150807,0.00209664460853,0.00287931794793,0.00260687344295,0.00201783818867,0.00290362029096,0.00335042969025,0.00335974341529,0.0014885944624,0.00178053122127,0.00193246770649,0.0026420539479,0.00172368141296
2.55,0.00413284645868,0.00370112813573,0.00349425938677,0.00494319827223,0.00350781247783,0.00311967706855,0.00386805181403,0.00248994564048,0.00304107903212,0.00312343198756,0.0033400578532,0.00262443121148,0.00204153265307,0.00261031036242,0.00381582475719,0.00200540745132,0.00202802208485,0.00217445022448,0.00131605725943,0.00175464318854,0.00361362444793,0.00191344246414,0.00255374858024,0.00198351691562,0.00175822146539,0.00235593916345,0.0026606177012,0.00210925744792,0.00294404637556,0.00358388672987,0.00278642396806,0.00196879516326,0.00162443763966,0.00189446266414,0.0035119909657,0.00196477354343
2.6,0.00493894125629,0.00370621163924,0.00328340841073,0.00562550790305,0.00315286599829,0.00293164736192,0.00326622993115,0.00257473103187,0.00249187997816,0.0034306004161,0.00301696643556,0.00261740403816,0.00223175912436,0.0030392029717,0.00358672893628,0.00190389095592,0.00170177058287,0.00240736389183,0.00164689904518,0.00187941760146,0.00365563971412,0.00177551305022,0.0024287027747,0.00182554550391,0.00196376735854,0.00219181608791,0.00265822092627,0.00208197962452,0.00254464225492,0.00293011166641,0.00271827437238,0.00203312125011,0.00157946726438,0.00187213155315,0.00343839333362,0.00150729578289
2.65,0.00427422763457,0.00343885521716,0.00294802102657,0.00458762669339,0.00292793229664,0.00294126248734,0.00275962031286,0.00282214456605,0.0025639099578,0.00383818418541,0.00299402930235,0.00282568300325,0.00222944738478,0.00264735866797,0.00361462867444,0.00238327237513,0.0017263650076,0.00198671500161,0.00173570722621,0.00204007404827,0.00371932492876,0.00195654337566,0.00173827212536,0.0017481134286,0.00237227550274,0.00214207249453,0.00252474674407,0.00194599720937,0.00219507091308,0.00272189082343,0.00270533673781,0.00198289138076,0.00147604484013,0.00177646101061,0.00291401509174,0.00186148193088
2.7,0.00449380653215,0.00344718114567,0.00217920521573,0.00371465462573,0.00306263659768,0.00277483408794,0.0024800529376,0.00266814954836,0.0026251327439,0.00400868786048,0.00292470082728,0.00294244038817,0.00241286832937,0.00234857527419,0.00378128759503,0.00309499623889,0.00178086192504,0.00189046915111,0.00220855660006,0.00178667275726,0.00356165519371,0.00235671385854,0.00140407773085,0.00190349701762,0.00275283314787,0.00183046054086,0.00223777028254,0.00203813895271,0.00199576602679,0.00232201070828,0.00340539218209,0.00187360526232,0.00155749418562,0.00167282893869,0.00267902634981,0.00275863668693
2.75,0.00427436561031,0.00379522287599,0.00218572895,0.00377975738619,0.00299104029866,0.00245130269848,0.00231064712354,0.00239770967994,0.00260447049202,0.00379660627908,0.00309172022075,0.00302369235737,0.0024213587207,0.0017670490009,0.00366387983598,0.00282044271466,0.00172184725277,0.00170964619437,0.00250986931592,0.00142480518924,0.00282854994741,0.00248859583006,0.00109596102152,0.00198087242009,0.00258480069596,0.00219469205323,0.00249389822785,0.00196162486151,0.00181188991716,0.00212493045173,0.00322624440911,0.00220340931703,0.00163092406421,0.00196981257818,0.00240216618852,0.00309467470497
2.8,0.00371263114913,0.00448473530724,0.00180339015599,0.00342203323839,0.00334977583691,0.00249253183225,0.00232965807069,0.00220183860029,0.00262085444817,0.00375174695972,0.00281307459881,0.00353904981537,0.00227365415629,0.00176252895933,0.00385169846465,0.00221836587899,0.0016913134593,0.00179194905958,0.00280442181017,0.00125641621233,0.00240814418611,0.00229051445811,0.00115825917363,0.00213610386637,0.00256109858222,0.0027266735987,0.00304989841427,0.00200126200501,0.00186115606619,0.00176320882837,0.0032303357622,0.00208306514941,0.00171049649374,0.0021006373845,0.00259763405136,0.00208663115905
2.85,0.00349390231565,0.00449803315142,0.00170523661651,0.00382730703238,0.00357430466343,0.0022663283953,0.00227199140643,0.00230790737132,0.00249002560922,0.00378956773872,0.00249331037159,0.00327690115701,0.00218312008174,0.00182988551924,0.00403146200092,0.00182028214149,0.00161033742302,0.00188677118252,0.00269970083007,0.00122756555654,0.0023254952809,0.00210986988587,0.00122785228734,0.00200546913678,0.00226323866328,0.00267854781177,0.00333809830879,0.0019753167094,0.00213113617443,0.00194854864175,0.00249065879516,0.00175317383007,0.00149447001389,0.00195131891613,0.00299563854285,0.00143232298664
2.9,0.00373495572671,0.00381730359463,0.00168673258836,0.00410811352315,0.0040070033058,0.00191874981744,0.00258769625521,0.0020768235219,0.00243369662602,0.00381573072095,0.0022131039987,0.00242213614521,0.00208457930435,0.00187844258455,0.00397566297521,0.0018565485911,0.00191364018997,0.00207945793451,0.0023322924897,0.0012424819914,0.00248597493481,0.00201263226757,0.00109873514395,0.00164524772199,0.00251959074669,0.00231929704459,0.00370462328576,0.00174322300929,0.00240900137994,0.00215474154354,0.00220033600092,0.00192143850732,0.00140339224121,0.00200310807747,0.00267946969607,0.00110106756451
2.95,0.00370347103686,0.00244531876666,0.00213848751678,0.00440264292715,0.0049791307462,0.0018783173215,0.00313624366446,0.0020655119772,0.00266725509814,0.00345635419499,0.00215585553902,0.00201982467236,0.00222316786457,0.00203991667083,0.00353148881777,0.00182483708368,0.00268739093669,0.00208123625416,0.00179782063427,0.00121068545222,0.0032739157665,0.00182693681441,0.0014513736556,0.00174409288998,0.00279484670063,0.0028738932058,0.00347779250251,0.00179779740656,0.00252609010919,0.0028022072481,0.00189288042482,0.00236733510388,0.00148092686987,0.00181829891864,0.00250284286229,0.00112839928401
3.0,0.00341972944014,0.00199406316376,0.00240630680399,0.00408122264422,0.00485428858706,0.00174941214677,0.00360842646801,0.00223786597917,0.002902743321,0.00337227677539,0.00231132205829,0.00215271143798,0.00235868442824,0.00223338676312,0.00301248679346,0.0025119937983,0.00355740572414,0.00193151938315,0.00169340439044,0.00118360616254,0.00377973961044,0.00219429583692,0.00161152493249,0.00183933699587,0.00265548808387,0.00306038198402,0.00330795262738,0.0021167628647,0.00245830916537,0.00320079396741,0.00193399022689,0.00222030349506,0.0017014779163,0.001712821912,0.00237147258153,0.00101386983305
3.05,0.00272570640379,0.00194471998479,0.00248870943665,0.00371021153953,0.00458461950538,0.0021383807936,0.00337581391783,0.00212066750193,0.00330086387519,0.00383270246718,0.00216319175782,0.00288444658813,0.00248146558508,0.0022804098191,0.00279888384838,0.00306691684702,0.00372929709228,0.001790398748,0.00200741969092,0.00114017836397,0.00417437992649,0.00217098485706,0.00181110548511,0.00176873087117,0.00224349553017,0.00302880553485,0.00327147621873,0.00227020347151,0.00244710844516,0.00280411347683,0.00206773207912,0.00164414417204,0.00164451317595,0.00178674164253,0.00228139164918,0.00134094679315
3.1,0.00258529664882,0.00191910544222,0.00274571114107,0.00359472232748,0.00417558379158,0.00224663838031,0.00244806748658,0.00223875290193,0.00337774341936,0.00439764434626,0.00241606472412,0.0031886168707,0.00243640935603,0.00183056834835,0.0027016748565,0.00440886710112,0.00352781047764,0.00186263732906,0.00224583408932,0.00144168441754,0.00456910311545,0.00189419143056,0.00226816960676,0.00170547029574,0.00235061797087,0.00432214499316,0.00341025265438,0.00249888624307,0.00263522024439,0.00251996173242,0.00201879269083,0.00148574651455,0.00171017239,0.00174139175486,0.00231273744887,0.00211197126127
3.15,0.00338083195253,0.00174198223694,0.00288809787099,0.00342778821485,0.00401807127763,0.00223561213135,0.00227195583284,0.0022704444384,0.00367915130681,0.00440068158429,0.00274268331275,0.00370783618446,0.00224427982523,0.00161707926128,0.00308764039984,0.00460454625196,0.00414531306264,0.00167893784055,0.00201403929857,0.00151447420965,0.00528090322447,0.00203695316266,0.00261052846611,0.00199625005545,0.00267677996517,0.00491974070245,0.00396785115027,0.00272731150822,0.00266646944086,0.00237424596483,0.00207352965409,0.00174709657874,0.0015635904033,0.00184757931802,0.00250529090022,0.00265174741746
3.2,0.00333011873645,0.00155781618794,0.00299272243162,0.00390515016369,0.00349598281222,0.00211601257328,0.00265930864151,0.00281135457033,0.00415849036678,0.00481444592999,0.00317649816484,0.00398536700779,0.00239987656549,0.0022891510286,0.00360745116588,0.00432594334752,0.00430802128679,0.00173309809642,0.00175827912341,0.0018947331755,0.00657503036461,0.0023519265911,0.0027978630093,0.00231059393737,0.00250225677123,0.00529852267101,0.00430609180273,0.0027036083656,0.0026012371104,0.0020477046097,0.00178714594496,0.00245866756423,0.0016184218645,0.00200828002665,0.00234693315799,0.00248711969494
3.25,0.00217291134747,0.00199216209203,0.00299489798581,0.00417498643911,0.00312998777831,0.0021450959227,0.00279447763657,0.00318889776016,0.00460504158606,0.00498059253099,0.0033972302706,0.00424606959322,0.0029887476068,0.00285630847315,0.00449930370739,0.00399840902423,0.0036935400229,0.00212116836406,0.00194879177406,0.00244930832697,0.00794277837933,0.00241703845665,0.00306167502925,0.00198871608963,0.00229389475364,0.00535927057095,0.00474898975702,0.002580629993,0.00250179420491,0.00186456460829,0.00201516032922,0.002836694654,0.00162833749561,0.00188671171275,0.00221951374885,0.00225167158403
3.3,0.00235140948984,0.00241580512497,0.00366418818014,0.00407512423244,0.00294762746696,0.00239862311132,0.00310534045795,0.00329372650935,0.00404635097481,0.00448934416379,0.00334982477122,0.00412907134488,0.00350355820374,0.00326845395811,0.0051108083633,0.00353428540488,0.00284401989032,0.00277654635255,0.0022344123651,0.00305776136359,0.00791367168955,0.00251140893359,0.00281034969988,0.00219561667553,0.00220056643968,0.00630095464787,0.00504395125441,0.0025661535309,0.00275012199196,0.00231961937841,0.0026785804267,0.00295736363331,0.00169567875287,0.0014689779834,0.00230478533444,0.00189961130667
3.35,0.00274964540563,0.00259657370377,0.00357159777041,0.00395264241282,0.00346407073446,0.00269776433089,0.00322490038537,0.00343326705293,0.00331810503873,0.00430416898245,0.00334631403342,0.00407896111954,0.00407972227904,0.00320759000732,0.00533475369052,0.00318486944894,0.00217997891172,0.00324713277743,0.00268433688429,0.00325436669456,0.00865627092841,0.00228742297298,0.00295515497003,0.00249681324732,0.00240810830031,0.00542780281771,0.00478607501581,0.00281596103057,0.0027418666128,0.00238863711862,0.00310342121966,0.0032291192268,0.00179163527365,0.00151477427818,0.00230496746283,0.00189039051754
3.4,0.00330281661623,0.00283176340398,0.00374134128558,0.00393485978867,0.00421553793095,0.00249511060877,0.00322221193322,0.00329981841527,0.00296613322707,0.00416430805177,0.00313197888559,0.00363261939335,0.00420320314269,0.00318980371923,0.00452328645361,0.00316343359,0.00253345226001,0.00292017377786,0.00319444605322,0.00287891584435,0.00857631031752,0.00212253389301,0.00261912502658,0.00262974329436,0.0020507047228,0.0043182976621,0.00425634750057,0.00287614123587,0.00276580609835,0.0025537538322,0.00345031213344,0.00295893896073,0.00156321305713,0.00149364791205,0.00199884217798,0.0024037554347
3.45,0.00370949777782,0.00314825905746,0.00482015816996,0.0039814010663,0.00449372162568,0.00279189244104,0.0029036042332,0.00326533213897,0.00292926961011,0.00397116262483,0.00304650615736,0.00347834516631,0.00364431244599,0.00308952154132,0.00406728350242,0.00297028738146,0.00278067642994,0.00270368392454,0.00317882605529,0.00246385705116,0.00741831967338,0.00173253655465,0.00241381008633,0.00269343054546,0.00201901721446,0.00347275840519,0.0035225925055,0.00328598011609,0.00251203616621,0.00272349918598,0.00340452634422,0.00251564746953,0.0015554989436,0.00160078370397,0.00153113016217,0.00240298152857
3.5,0.00390510267935,0.00281788260367,0.00522840164341,0.00375363885485,0.00469278004181,0.00313719987877,0.00238443512825,0.00327765146261,0.002996178389,0.00350763317141,0.00269439834586,0.0032623019754,0.00331488395752,0.0027784152458,0.00331179453064,0.00260675143393,0.00272660600077,0.00253299873426,0.0031234976254,0.00251189503676,0.00606074414194,0.00216742940113,0.00242362611682,0.00252253138595,0.00240638900242,0.00312273030705,0.00333398345221,0.00398752071147,0.00231021045939,0.00260364587398,0.00343912442021,0.00307526398807,0.00166746728026,0.00159848508884,0.00197662608544,0.00231994039977
3.55,0.0036076308449,0.00299252869462,0.00594118251528,0.00448077001641,0.00425652685409,0.00385444194335,0.00215113289385,0.00351817909328,0.00257634305745,0.00353638686906,0.00241454462376,0.00345782451662,0.00265481501025,0.00274446891406,0.00358379859165,0.00242505427237,0.00273319280319,0.00230253226666,0.00311424621281,0.00196566001945,0.00520015016122,0.00241210546106,0.00237182172797,0.00234106923261,0.00319397232126,0.00397253471078,0.0034817495506,0.00468808885163,0.00241476023727,0.00235882527243,0.00374954761475,0.00318932032865,0.0018282056432,0.00149320242705,0.00222475786189,0.00225319672836
3.6,0.00391889129986,0.00321725030347,0.00459197704173,0.00401155614077,0.00433858813715,0.0037599980582,0.00163865389094,0.00326700201385,0.00233987258515,0.0034861137001,0.00234365126072,0.0032263526283,0.00212411708655,0.00249962489617,0.00359425307789,0.00217123673351,0.00277283291003,0.00221322381513,0.00309780911391,0.00215180282969,0.00388525467354,0.00254931723173,0.0024949856137,0.00242082987783,0.00407589472652,0.00499452689471,0.00362802479858,0.00492573851197,0.0025691291695,0.00279326406325,0.00316438151143,0.00355943606129,0.00172128744115,0.00165509849546,0.00191096225432,0.0022641524652
3.65,0.00354481754128,0.00363888180636,0.00291854808407,0.00318736484267,0.00399206168298,0.00356353244215,0.00141251944077,0.00249953183643,0.00208507102682,0.00335737591477,0.0023434951951,0.00292621703318,0.00204233942786,0.00231298140959,0.00372489669817,0.00226406623453,0.0023751026079,0.00209495536819,0.00317412739557,0.00240471458333,0.00341026816563,0.00210179117675,0.00248165788557,0.00232940836297,0.00436625902678,0.00569673677318,0.00354388950322,0.00429190101632,0.00254967636632,0.00292354486715,0.00328493579416,0.00303946847839,0.00173140411086,0.00172701539468,0.00186249480547,0.00236488477209
3.7,0.00332960529524,0.00357911813573,0.00238700948954,0.00311286874147,0.00362917101994,0.00310902906447,0.00157269160626,0.00253413885759,0.00232183053479,0.002891596397,0.00225044040751,0.00312334435185,0.00184563381127,0.00236669661395,0.00376496701048,0.00193333955487,0.00225867632018,0.00219912522139,0.00379848458591,0.00238604344745,0.00294281963849,0.00177382164507,0.00256719137991,0.00230968705964,0.00442257779683,0.00663922167213,0.00267228128923,0.00322716746472,0.00250137130817,0.00288345671168,0.00378377791217,0.00299491435429,0.00186181956236,0.00180300493904,0.00222425035048,0.00213232675257
3.75,0.00298746436169,0.00321650980903,0.00270723371297,0.00295502245976,0.00346539024015,0.00245179671079,0.0021202349451,0.002350663812,0.0025593076994,0.00226268671056,0.00257307152781,0.00290573279318,0.00208405161095,0.00234367592893,0.00344695566642,0.00245761792624,0.00223963790622,0.00240615683648,0.00376586662205,0.00193393768423,0.00253565377913,0.00157081557076,0.00239099073715,0.00277449429333,0.00516261986359,0.00711661598184,0.00239712532209,0.0028996288332,0.0026869996693,0.00256743487518,0.00335557759278,0.00226973605034,0.00205919261766,0.00189348187573,0.00247025225112,0.00240128104886
3.8,0.00262090963388,0.00280078612553,0.00311379123235,0.00322149441669,0.00363417166414,0.00229961888852,0.00252171351437,0.0026177637313,0.00299066968084,0.00199780797396,0.00254334562402,0.00280903849728,0.0022567726245,0.00206542932303,0.00351314710312,0.00246754618281,0.00201177171988,0.00241181773725,0.00316585665026,0.00195220194052,0.0020138955047,0.00175937961914,0.00200951130031,0.00331452207107,0.00433500795496,0.00653035568015,0.00240784569758,0.00292026984287,0.00322656836665,0.00226622030098,0.00300554108783,0.00231873333366,0.00210457833537,0.00190583010657,0.00235679131329,0.0027147777862
3.85,0.00256520540711,0.00276365619307,0.00256564872315,0.00362329021413,0.00373645926496,0.00197626890279,0.0023854755524,0.00270265732822,0.00315793966111,0.00210462180084,0.00265807159733,0.00277849479,0.00266897140938,0.00213934543837,0.0033526047571,0.00336326067356,0.0016061181542,0.00256945462443,0.00249273266234,0.00193765043624,0.0018822617118,0.00222354199131,0.00200811951189,0.00349154358385,0.00328578004445,0.00463533270637,0.0023209577951,0.00337722972615,0.00348689842283,0.00215575773079,0.00257303662435,0.00218178478024,0.00210936188379,0.00179971142828,0.00163043882956,0.00288173586344
3.9,0.00195815731875,0.00243807357197,0.00177527876379,0.00418386255639,0.00376214280573,0.00200533876066,0.00240902018116,0.0026058573766,0.00312720428993,0.00242259950814,0.00304890687208,0.0024346398097,0.00308457825448,0.00186587233966,0.00330341147153,0.00357659323698,0.00172988022388,0.00254500847339,0.00206187045034,0.00172337380162,0.00182809502104,0.00252900649989,0.00198532844869,0.00369634125886,0.00290245647782,0.00344855938189,0.00251101223771,0.00393557165416,0.00369560907065,0.0026646247045,0.002378614953,0.00246959753695,0.0022244283056,0.00181985529807,0.00174330938097,0.0028981525275
3.95,0.00245944789229,0.00243807816549,0.0016671395476,0.00433812946148,0.00305851087285,0.00191525499392,0.00286961764056,0.00289027791192,0.00336609778952,0.00314706416466,0.00317804645689,0.00237436449929,0.003180407622,0.00154875804943,0.00307798745079,0.00350176831963,0.00179366131897,0.00243297139273,0.00211878023845,0.0014183844409,0.00195093132432,0.00295695713309,0.00163447183723,0.00348537247402,0.00326155148479,0.00270189155415,0.00213848867756,0.0041658537353,0.00486002270141,0.00288383022866,0.00235023440452,0.0023550982913,0.00246808603526,0.00181482916456,0.00202075213473,0.00260471094345
4.0,0.00255423565685,0.00278649179739,0.00213094950611,0.00521180881934,0.00223386093458,0.00183457442758,0.00303854495457,0.00270896501851,0.00324744636016,0.00346684521917,0.00326155421137,0.00288167924764,0.00259194214295,0.00113348948335,0.00280495649164,0.00304386892744,0.00189768116144,0.00228579347991,0.00214559856168,0.00124691061119,0.00215409483313,0.0029863364009,0.00147759830124,0.00318374211468,0.00345121677452,0.00284223167819,0.0020968499612,0.00349112007375,0.00725365253777,0.00304509393953,0.00283587582302,0.00263088836901,0.00239782416221,0.0018713747884,0.00210305688186,0.00238797786446
4.05,0.00343406589425,0.00359373779706,0.00248836500703,0.00452276815179,0.0020606500811,0.00202721548945,0.00301360372122,0.00243164819885,0.00271285592455,0.00353053388865,0.00323902858547,0.00326985181721,0.00232914850997,0.000984634608255,0.00244340038057,0.00264077757351,0.00225092855801,0.00199924701692,0.00191595498496,0.00152307540609,0.00195093070104,0.002819802057,0.00168332977901,0.00286283109272,0.00298070517215,0.00356372347325,0.00192886428565,0.00309557234022,0.00914262857351,0.00333458382968,0.00244179112037,0.00283949180781,0.00225814218223,0.00181916799831,0.0013597025413,0.0029920597553
4.1,0.00351779949972,0.00425897834082,0.00270294228677,0.00384152360111,0.0022810767201,0.00225763666615,0.00220308492589,0.00216482471024,0.00214573611339,0.00364085639061,0.00262841133605,0.00326504558626,0.00206694436152,0.00101655638224,0.00251791110155,0.001906683396,0.00308600063196,0.0017762743517,0.00189980215638,0.00186707705714,0.00190930265493,0.00232340370836,0.00184277729596,0.00223046453468,0.00258009955526,0.00311314965325,0.00203148072026,0.00267282001101,0.00918344570197,0.00398924478271,0.00268402218556,0.0024263844238,0.00212693426842,0.00197170038244,0.00114070627371,0.00385308466911
4.15,0.00389099796345,0.00500807504245,0.00298752647779,0.00313398012311,0.00267545293975,0.00232629047286,0.00221152314118,0.0018064841623,0.00183104400569,0.00367060963816,0.00261801995457,0.00321880481033,0.00210426004222,0.00100636750698,0.00265841606384,0.00158591494462,0.00368248493375,0.00160848505086,0.00212741458998,0.00165333979169,0.00168964152236,0.00191608599691,0.00213932045527,0.00217126961316,0.00257018440098,0.0029142007359,0.00150165249564,0.00255411670929,0.00812377216923,0.00418055747292,0.00237744876997,0.00211722482365,0.00205808309043,0.00215931359085,0.00130517882556,0.00384558744695
4.2,0.00437866495535,0.00606664655701,0.00235013861919,0.00296199881044,0.00328182250965,0.00252192712965,0.00279967830432,0.0020773720938,0.0021517844096,0.00327235833574,0.00242002219671,0.00298530689743,0.00226338327758,0.00125104793271,0.00251350778596,0.00110784588003,0.00338991776391,0.00159175047788,0.00211850610189,0.00151504908078,0.0014475285856,0.00173784861345,0.00199702633304,0.00226619505037,0.00341008880461,0.00316480688219,0.00152551606985,0.00270730414698,0.00605761221826,0.00356753794027,0.00255509119008,0.00172045103602,0.00189276470619,0.00210689792801,0.00195029827877,0.00238255521022
4.25,0.00505100820782,0.0063091663545,0.0022278728897,0.00328595444226,0.00373612148197,0.00243885836745,0.00318671291842,0.00222861476571,0.00242022904611,0.00306436582879,0.00272547373666,0.00305791407715,0.00233631935226,0.0016001075405,0.0025785166847,0.00122880550768,0.00311998918435,0.00171343284089,0.00222793733188,0.00162427179011,0.0013786178517,0.00159113430979,0.00211202890463,0.0022308910947,0.0030769593032,0.00284914226482,0.00152993633023,0.00271760853796,0.00481824418395,0.0035174551598,0.0027297225797,0.00176722658009,0.0019499349556,0.00198755397087,0.00236003855293,0.00173472151834
4.3,0.00531947779457,0.00626879851254,0.00221532324191,0.0036790788381,0.00404035438242,0.00281212312396,0.00306329256476,0.00267536891201,0.00264223250847,0.00282747752515,0.00300471495607,0.00283738634742,0.00221285677008,0.00207235192964,0.00237643336405,0.0015832780453,0.00244902138977,0.00188846626309,0.00217023305859,0.00191233835917,0.00154719647337,0.00169001457128,0.00192067916334,0.00212456159214,0.00273999728855,0.00341947864374,0.00176295325556,0.0025081131485,0.00390643808466,0.00289260078587,0.00309484728624,0.00209539819867,0.00193430138313,0.0018903532667,0.00254738054787,0.00106603857472
4.35,0.00443787297868,0.00545671057239,0.00182049495706,0.004551340097,0.00324333304122,0.00338426180535,0.00284198687251,0.00306639544174,0.00261114442709,0.00308805729676,0.0034763990815,0.00336323782037,0.00205615492206,0.00230976274423,0.00262242431649,0.00233366280934,0.00185190527751,0.00217444041554,0.0021905251099,0.00249809509452,0.00183583754312,0.00214410406492,0.00192238872221,0.00228894102403,0.0023403492218,0.0034063277523,0.00228579423738,0.00242410901127,0.00338202674686,0.00316381575199,0.00292614075306,0.00269036326009,0.00186125485994,0.00202207409466,0.00225843809864,0.000734992707513
4.4,0.00359543047487,0.00533714326954,0.0016281855275,0.00460419456112,0.00250662947549,0.00337682541899,0.00224023690901,0.00312270681821,0.00259719849923,0.00332419314001,0.00342297781588,0.00385679048819,0.0020318482598,0.00244212505005,0.00258616800106,0.00299290377734,0.00141030207184,0.00217749795938,0.00215783727276,0.00270772951305,0.00184696528143,0.0021289421031,0.00205032248681,0.00256699484536,0.00263030886816,0.0030674913288,0.00287107219406,0.00248687124553,0.00307559473769,0.00327792931623,0.00269017348368,0.00213023667504,0.00169563007596,0.00174689077636,0.00186609240181,0.00127081530563
4.45,0.00372543289994,0.00572251165429,0.00245397589383,0.00469002465636,0.00240847705338,0.00342350147126,0.00177422877933,0.00249651291117,0.00231531029131,0.00334786024612,0.00324170432978,0.00355985920912,0.00197091147979,0.00212663401918,0.00253421306285,0.00327420423215,0.00122636606348,0.00166515391229,0.00221613530589,0.00234922086661,0.00176187351442,0.00194676659072,0.0018877587711,0.00267655226016,0.00261552272428,0.00295196295521,0.00276430733827,0.00230241074305,0.00321463739049,0.00332283402848,0.00267327403289,0.00170579688887,0.00157311540952,0.0016083117038,0.00180419975968,0.00152747336565
4.5,0.0035608472449,0.00536933823367,0.00323010934457,0.00435515732588,0.00276534013904,0.00288205631299,0.00192544179023,0.00233567561115,0.0025099422708,0.00327729653985,0.00305254352417,0.00306037589249,0.0022851567998,0.00227537251854,0.00225444386376,0.00417666122258,0.00145074009255,0.00146354163363,0.00229398722972,0.00237785660059,0.00167099479588,0.00185062922761,0.00183278350014,0.00275078284606,0.00268187489611,0.00406561042108,0.00313606490256,0.00215052764682,0.00366262791461,0.00283867649661,0.00281256414209,0.00125504842782,0.00156703833525,0.00172685019022,0.00206177827207,0.00195015726162
4.55,0.00390063861902,0.00536100952201,0.00336418362305,0.00341843038393,0.00302007445391,0.00239961398189,0.00259501440547,0.00211646193156,0.00213477445595,0.003091050987,0.00321595696289,0.00302169286884,0.00283507035164,0.00252321945152,0.00218715630446,0.00472908747964,0.00197414753062,0.00132865798949,0.00245878307891,0.0026891834397,0.00192749846877,0.00226884857492,0.00222477556824,0.00265734205615,0.00279711457528,0.00442244192481,0.00304892807779,0.00192723847174,0.00351821202605,0.00287799065655,0.00274453009762,0.00127921017279,0.0015565115075,0.00191307425838,0.00218403362389,0.00245975298395
4.6,0.00329045257357,0.004823201244,0.0034887998942,0.00428468104408,0.00299513850379,0.00249859860837,0.00241587772204,0.00216468273293,0.00174984475946,0.00316948765179,0.00331881677997,0.00357250295287,0.00395469217361,0.0026178945114,0.00239081802065,0.0044748470101,0.00233125985321,0.00144947489847,0.00295169704501,0.00287312762602,0.0026499707135,0.00217043775328,0.00308325677901,0.00247948903778,0.00273047519042,0.00450740357957,0.00310559134412,0.00178022602576,0.00333740345497,0.00298215151181,0.00265553864501,0.00192804221172,0.00180395881658,0.00210266504489,0.00185052594526,0.00262654402292
4.65,0.00349998584216,0.00416528551256,0.00354515765729,0.00425660778789,0.00273933879167,0.00278902888997,0.00251175293858,0.00269415705993,0.00175024605426,0.00326242729699,0.00338188719804,0.00457851312003,0.00501680391427,0.00254562898672,0.0028911085845,0.00437374891139,0.00225478395319,0.00174627750202,0.00336166906006,0.00315519008494,0.00334430674754,0.00272509329419,0.00392062006737,0.00237129933298,0.00292376944586,0.00440223453956,0.00293331654558,0.00178964714576,0.0028342780005,0.0034053798712,0.00275527582091,0.00236334860588,0.00199585023497,0.00211311498801,0.00168088806822,0.00220691654222
4.7,0.00429269052867,0.00381039872661,0.0030763822611,0.00444171637399,0.00239894184298,0.00257551094658,0.00304101390933,0.00421898046782,0.00235933992353,0.00357737514844,0.00285116244222,0.00508083882512,0.00485367176243,0.00288803247905,0.00362689835288,0.00354402101564,0.00222088764438,0.00214029541636,0.00343047794476,0.00303875288669,0.00375662879407,0.00284774305245,0.00445426661849,0.00226241462165,0.00320347716264,0.00483596711248,0.00313660534728,0.00228097078086,0.00260826443003,0.00344263339342,0.00282841665564,0.00261083536326,0.00205644358327,0.00202332085115,0.00168780787471,0.00155258293112
4.75,0.00509080573832,0.00305466877992,0.0030967977924,0.00543382949809,0.00271667491082,0.00301450005656,0.00372874755099,0.00642096040091,0.00389053690548,0.00379632788965,0.00269735441003,0.00570107655659,0.0035631813582,0.00462708645899,0.00403143743174,0.0034392106982,0.00200236845857,0.00247915456657,0.00354235491125,0.00277175530223,0.00443861782022,0.00335994270384,0.00549439100866,0.00162830410533,0.00341416945671,0.00598187298134,0.00292929312725,0.00282462326909,0.00252820580833,0.00371547254934,0.0034586498415,0.00224961471986,0.00201843230812,0.00189885327758,0.00185394496911,0.00187310854248
4.8,0.00486110152998,0.00374119194713,0.00377693797702,0.00680076384688,0.00305371345567,0.0027619193074,0.00486658861126,0.0085464531617,0.00570502957873,0.0044416710669,0.00337254807882,0.00586678635221,0.00249902546612,0.00702884033336,0.00475987877371,0.00373513230017,0.00195856284648,0.00265605557875,0.0035368681074,0.00297705100228,0.00513517040838,0.00356226913652,0.00562556762431,0.00143956538259,0.00358326063767,0.00646232890668,0.00345581977595,0.0027968998972,0.0027058695714,0.00404822626003,0.00412482938379,0.00270354811964,0.00206351047259,0.0018619324021,0.00197209027681,0.00225379748377
4.85,0.00525422712929,0.00422614559624,0.00412189175186,0.00820562389057,0.00342828247878,0.00292404423035,0.00461763250071,0.00964576143511,0.00773519380779,0.00488399405885,0.00432402666301,0.00573045249399,0.00228745580545,0.00908547847431,0.00531865680173,0.00432080511036,0.00200035666963,0.00279255637585,0.00340560877861,0.00261494356393,0.0061119987577,0.00424085400193,0.00701357151274,0.00173572576725,0.00484772753073,0.00751731169703,0.00442246903683,0.00253205650945,0.00240785309167,0.00453457593125,0.0055209906378,0.00373196483353,0.00192941210336,0.00192888072276,0.00203552415661,0.00265965034242
4.9,0.0055869421368,0.00390115174916,0.00385596388851,0.00891604239141,0.00391075464664,0.00297719454198,0.00431481415532,0.00904528574568,0.00945682606404,0.00469464622585,0.00456835516309,0.00512781811823,0.00229344682012,0.00960337521229,0.00538294662925,0.00355594154718,0.00184412800712,0.00319016420849,0.00312453973241,0.00300023848769,0.00702939977234,0.00488941840796,0.00831514934932,0.00219737756522,0.00637818978038,0.00969820504857,0.00528937162422,0.00234329022075,0.00205787252983,0.00524882645792,0.00682453308965,0.00533256249121,0.0018091935076,0.00190529360498,0.00171447536918,0.00319407153174
4.95,0.00636774562865,0.00343190364458,0.00367029978094,0.00891929698468,0.00413160638514,0.00310132236803,0.00382239091592,0.00735495172246,0.00833695133445,0.00520570620573,0.00483421652838,0.00468108284021,0.00280961442825,0.00833073394858,0.00508132755467,0.00355754734849,0.00195327431131,0.00356115453842,0.00308967909835,0.0029383009272,0.00711795913341,0.00510889134018,0.0088767369267,0.00268915727508,0.00768168918203,0.0150526585842,0.00581836738985,0.00267078928619,0.00176339814455,0.00644476684423,0.00958103918762,0.00619903117832,0.00166745147484,0.00186686228412,0.00139095523745,0.00286756806387
5.0,0.00634063284616,0.00320292554124,0.00440002488239,0.00858494640191,0.00418828313145,0.00288384374038,0.0040932923664,0.0058504016263,0.0067741964834,0.00677108157521,0.00516866359521,0.00429775387594,0.00419366628168,0.00800683058759,0.00461564185966,0.00331673510528,0.00195037708625,0.00390880237832,0.00376228323058,0.00376549973384,0.005192899718,0.00572324934746,0.00855059029143,0.00296474494092,0.0101041221477,0.0204903617367,0.00709491318427,0.00302831484074,0.0017726587024,0.00760887401248,0.0129264295753,0.0070793565138,0.00163531923531,0.00178884025869,0.00209032019493,0.00288914048363
5.05,0.0061446168883,0.00359542482719,0.00530106344707,0.00757430451926,0.00486300681917,0.00310176859309,0.00502112086323,0.00492963912249,0.00520058508219,0.00856151462745,0.00712761646619,0.00457037958683,0.00609675189854,0.0062385732096,0.00351088143689,0.0037216916479,0.00205101087075,0.00493029533821,0.00442874048337,0.00412716508749,0.00411746928474,0.00570002832715,0.00729876094873,0.00311065228294,0.0112522950768,0.0249852228811,0.00739630586339,0.00335346732326,0.00185566253334,0.00774270488584,0.0139102867951,0.00558143741618,0.00167056783378,0.00181661500597,0.00223339171609,0.00263159754303
5.1,0.00521189484299,0.00434786622035,0.00650552125295,0.00763209689115,0.00622641432209,0.00294348124014,0.00537393070362,0.0047209477928,0.00395756443824,0.0112707748805,0.00977734645285,0.00600703716938,0.010606298292,0.00526065573842,0.0034664561715,0.00582399722826,0.00177678215204,0.00599006398836,0.00554660466412,0.00445845883596,0.00350124213693,0.00648373881994,0.00606833655141,0.00299560388585,0.0114892675985,0.0235568790386,0.00721318361518,0.00315012158144,0.00197318686862,0.00768613751189,0.0132786823106,0.00521226370308,0.00192679073867,0.00182039570779,0.0029297580146,0.00245519092315
5.15,0.00544807922026,0.00460669128822,0.00771117055516,0.00929346936378,0.00831525050348,0.00325195698395,0.00576571495517,0.00457868415932,0.0042954011511,0.0143558665775,0.0130117998656,0.00587090398799,0.0137653823669,0.0045913996217,0.00353569026918,0.0089576667662,0.00203648008394,0.00659140838756,0.00672293343044,0.00413985189216,0.00313376247355,0.00785574743062,0.00579829884663,0.00283121352231,0.0120206712214,0.0188398422804,0.00684747115291,0.00319111839903,0.00211661134636,0.00835282174412,0.0115757407936,0.00445063234667,0.00200870986523,0.00184236786251,0.00360722482317,0.00242404473533
5.2,0.00593870856995,0.0043807107401,0.00969462337138,0.0107716406103,0.009969966815,0.00335802394535,0.00633722608555,0.0046545177627,0.00662810126141,0.0178225688139,0.0157450310219,0.00640695422221,0.0131366635056,0.00451404248531,0.00347852345182,0.0121380022986,0.00272612371268,0.00705185390879,0.00616463088301,0.00365695357361,0.00293155946392,0.00809008814906,0.00611628024014,0.00335413936243,0.0122093240179,0.0153017642027,0.00683465104405,0.00358565892316,0.00262267926993,0.00915832292844,0.0110338151182,0.00488239427253,0.00196696066255,0.00204135094696,0.00339026490446,0.00211130865655
5.25,0.00811994867244,0.00451947023945,0.0105328365518,0.0122232213845,0.0114391993731,0.00407022451124,0.00615104427631,0.00516891797613,0.00895660415832,0.0207962738083,0.0171501422582,0.00800328117927,0.00960023327533,0.00442222761205,0.00401905753313,0.0159526398542,0.00374688259858,0.00650005322016,0.00494666414203,0.00343635873374,0.00270996081642,0.00743183350258,0.00647979502766,0.00333336177155,0.0116596689309,0.01317341647,0.00756993267243,0.00406433620905,0.00280135260089,0.0127834586632,0.0139645089283,0.00590062873695,0.002007226584,0.00203723669989,0.00289792885011,0.00284832038161
5.3,0.00999912728096,0.00451584224547,0.0114356335785,0.0154570407103,0.0133948434698,0.0052913224044,0.00548548424306,0.00519773772689,0.0107167251292,0.02158675764,0.0155651992039,0.0124599987132,0.00636166907167,0.00444418725464,0.00445882700939,0.016829466152,0.00510447630388,0.00587581321728,0.00510660839638,0.00371334841887,0.00227129691951,0.00658262700431,0.0072346814673,0.00403117817441,0.0115949274303,0.014719694927,0.00803854564962,0.00455129911821,0.00268551160274,0.014829249065,0.0202396082357,0.00659735876269,0.00204789840905,0.00224502671775,0.00233624011246,0.00326888774384
5.35,0.0130873323566,0.00475479449169,0.0130706411811,0.0214205786751,0.0153338320123,0.00707729810943,0.00488201909795,0.00699898178032,0.0122858844509,0.0211172812694,0.0152703666469,0.0211657480161,0.00488036696326,0.00453086408226,0.00473878015348,0.0168631752864,0.00707434474862,0.00577318464276,0.00518948992739,0.00467008396504,0.00244817250522,0.00575682509306,0.00767916749671,0.00388768779447,0.0114732074763,0.0167180468418,0.00959377047607,0.00436292581252,0.00224417971958,0.0173763589053,0.0260516258129,0.00647451808569,0.00211213685642,0.0023610359791,0.00231678231405,0.00379695970407
5.4,0.0152971071594,0.00485395378305,0.0156541164906,0.0302083783881,0.018128375131,0.00846259684013,0.00403157609919,0.00984533149146,0.014602718751,0.0225812558867,0.0172916718269,0.0302876800688,0.00465328624658,0.00510977888155,0.00607761404043,0.0159405396205,0.00821749109975,0.00585731003608,0.00491897843957,0.00517599820168,0.00267353920364,0.00538894165254,0.00662921607242,0.00346875145453,0.0122036263598,0.0180052219327,0.0102490607223,0.00378209005955,0.00181300060244,0.0187800677943,0.0290292767057,0.00712021393503,0.0022532781643,0.0023148183841,0.00213520428474,0.00446853509937
5.45,0.0191095082185,0.00561081471229,0.0161285494982,0.0411319990776,0.024337091268,0.0119328416771,0.00548071141578,0.0117485440782,0.015472891092,0.0227570163809,0.019866811355,0.0357917099282,0.0044290586293,0.00606403167142,0.00757934725507,0.015011567649,0.00975862611622,0.0050573003534,0.00471436761794,0.00496945828795,0.00289525676638,0.00549143818485,0.00518827228491,0.00303434375168,0.011598693022,0.0206015701786,0.0100154496779,0.00357465674337,0.00186990927047,0.0160482613516,0.0281240966852,0.00759147626546,0.00256924744699,0.00230294926424,0.0022331940542,0.00387697269808
5.5,0.022500574845,0.00648067756124,0.0145836771269,0.0502117750898,0.0311748453124,0.0155451630603,0.00727333050764,0.0120621002462,0.015286896134,0.020034029417,0.0233898664405,0.0398377472543,0.00431561487724,0.00645168637678,0.00885866967863,0.0129982139262,0.0109913214367,0.00435255769207,0.00368682781752,0.00386261996682,0.00276707430027,0.00580202254658,0.00520617936558,0.00302905128015,0.0103132368948,0.0235721624096,0.00926855369077,0.00338018562273,0.00215481402343,0.0138806275262,0.0242535184353,0.00839995683273,0.00275659303202,0.00248124633386,0.00346526477852,0.00303438357901
5.55,0.0263912060887,0.00740560188711,0.0147879692359,0.0522837108709,0.0349678796528,0.0163862415716,0.00858263258378,0.0115093321345,0.0153545791872,0.0170509875487,0.0232189701785,0.0390315734589,0.00426347237455,0.00702777885955,0.0095076193529,0.0113297034137,0.0101997635614,0.00384014663258,0.0032185834022,0.00378595007177,0.00279480555934,0.00529800379511,0.00513933639739,0.00303616938045,0.00867862444989,0.0218728087763,0.0084744872645,0.00340527387115,0.00256277828394,0.0113210850918,0.0171901138558,0.0084111337599,0.00291896231169,0.00270717911656,0.00518697293948,0.00284842974728
5.6,0.0288216412121,0.00894865275253,0.0146238659306,0.0477412709649,0.0341074265807,0.0146405899899,0.00696368866232,0.0101581206877,0.0149199386447,0.0130754554793,0.020009097936,0.0307811278553,0.0038791562483,0.00668037499543,0.00935518675152,0.00974677102913,0.00886573641028,0.00366605415465,0.00280892612778,0.00342570471195,0.00267230254017,0.00470579550245,0.00518439863109,0.00321618040767,0.00811862183743,0.0178441472011,0.00801327105184,0.00388019808199,0.00256900634512,0.00854788480626,0.0123648280167,0.00976189783583,0.00312643232954,0.00277346326211,0.00594170890125,0.00252946962122
5.65,0.029798611327,0.010787831705,0.0102696814677,0.0377633991958,0.0281955559825,0.0120874171486,0.00569819865566,0.00869294555851,0.0133783304578,0.0111810602567,0.0155336304751,0.0214730191444,0.00299143850818,0.00576797354683,0.0075219984421,0.00911409111031,0.00655653579692,0.00385898912829,0.00273225183464,0.00327580080387,0.00226645543573,0.00471710501398,0.0052247029637,0.00297714909804,0.00771702668354,0.0144769697091,0.00774653023667,0.00488064865386,0.00207210258267,0.00778539302549,0.00975043787261,0.0106295523194,0.0035436404054,0.00301303502312,0.00551574455182,0.00243185237988
5.7,0.0291396573309,0.0118108849177,0.00879477709874,0.0283890132874,0.0204145527733,0.0100363357633,0.00412708681828,0.00689779469927,0.0108068506063,0.0100681071266,0.0114555192213,0.015776387915,0.00249322198307,0.00478386772785,0.00622073540925,0.0082821941591,0.00505893434868,0.00385517778464,0.00264209868462,0.00262703617083,0.00213117405071,0.00389420744368,0.00503081186937,0.00277825245019,0.007630745503,0.0113740710352,0.00769804720173,0.00542634193918,0.00217294858822,0.00765324214723,0.00802001917901,0.0129759768302,0.00418167810709,0.00312117548612,0.00608680442559,0.00265609426061
5.75,0.0291205166386,0.0126261473122,0.00687765271253,0.0218324905115,0.0153624604088,0.0085641276517,0.00320329060421,0.00523955052426,0.00856203271154,0.00950537361711,0.00933667493012,0.0131734116439,0.00244818334581,0.0037388073472,0.00552419648548,0.0080266312862,0.00403695808095,0.00396700172543,0.00246505589141,0.00256921324393,0.00217362377631,0.00313008226204,0.00444443195652,0.00271564633624,0.0066978917096,0.00857488484778,0.00617458427443,0.00523372139158,0.00221011301109,0.00581084650016,0.00603925364111,0.0150398321933,0.00451294977965,0.00319043865716,0.00476414570738,0.002981411281
5.8,0.0286407457081,0.0115460036384,0.00620212614748,0.0177636260095,0.0120734369925,0.00757218224565,0.00311869012289,0.00436486919084,0.00728392517459,0.0102510979538,0.00797203429579,0.0114777296116,0.00273880192754,0.00288258565681,0.00539098227445,0.00706445066239,0.00338126599617,0.00382308572459,0.00254727049724,0.00327139822345,0.00191617670209,0.00358569825319,0.00361783473181,0.00244642222944,0.00570894270351,0.00602538124557,0.00576338512794,0.00434235267724,0.002332032865,0.00532243342143,0.00473145066525,0.0148396065823,0.00393956921884,0.00293792846699,0.00407750974597,0.00319138460266
5.85,0.0268524178214,0.0111636836247,0.00504881755821,0.0149693336241,0.0097275083485,0.00678385530151,0.0036699679841,0.00380270980524,0.00706860843646,0.00971694713352,0.00697331253579,0.0091432019687,0.00280828902852,0.0025872117853,0.005283900172,0.005661636118,0.00319925876849,0.0037640263641,0.00268850975177,0.00375668825684,0.00209123723291,0.00398749126334,0.00303302127371,0.00254475160784,0.00508968179291,0.00508041053909,0.00495125937939,0.00302364539885,0.00230766921525,0.00544302001141,0.00458512952434,0.0122986998409,0.00333304795051,0.0031804310773,0.00308694334984,0.00312579709533
5.9,0.0235765375632,0.00967269790819,0.0042599518597,0.0126407388558,0.00722922184043,0.00619295839883,0.00374758195701,0.00346640413803,0.00687569876703,0.00807172314328,0.00618489285045,0.00681580123955,0.00263392130821,0.00231771368459,0.00459150882189,0.00395726393048,0.00244545866492,0.00350662705497,0.00327933018206,0.00356858064721,0.00212289448598,0.00400254455244,0.00255331033775,0.00217544847044,0.00535613373987,0.00502445738277,0.00416289991308,0.00237878370968,0.00189105477919,0.00644524405809,0.0042089365158,0.00912014623647,0.00244427995043,0.00317953568318,0.00239316710362,0.00371991147104
5.95,0.0173621690157,0.00844536041508,0.00360980917082,0.0100898003043,0.00553133074196,0.00561848305965,0.00415087376428,0.00306958312468,0.00572800822505,0.00595513246769,0.00498821579223,0.00593919503489,0.00276629416547,0.00231872709973,0.00354676629983,0.00322580754188,0.00232946783705,0.00341557455897,0.00320812009574,0.00345159477844,0.00230932077103,0.00353181714684,0.00287976625623,0.00231612052417,0.00523273821957,0.00524308823053,0.00423609496727,0.00223729576389,0.00171403752063,0.00779545987662,0.0042603813603,0.00587789436898,0.00211476000658,0.00333268095629,0.00209844924874,0.00432678529481
6.0,0.0143575551919,0.00737658281739,0.00303022667275,0.00833328454716,0.00534435386239,0.00538317184159,0.00403656725176,0.00269162918297,0.00475305952089,0.00475490514258,0.00445890756395,0.00596867038745,0.0024145429535,0.00259863589069,0.00331695251225,0.00236513387984,0.00251218855836,0.00316874207143,0.00324144088483,0.00355462929675,0.00232584791809,0.0036328705584,0.00309557080344,0.00283650161663,0.00525538380373,0.00475275467738,0.00419631446345,0.00255160247781,0.00159493510401,0.00843750238713,0.0050208128783,0.00491399278665,0.00219306865476,0.00336428844633,0.00213765407052,0.00528243971439
6.05,0.0117760407783,0.00649055345781,0.00360011860163,0.00695206370905,0.00558746216988,0.00446432797539,0.00412511965835,0.00244902898979,0.00389483938534,0.0040043049587,0.00424964832778,0.00575118501036,0.00209483411233,0.00279003851408,0.00332638884524,0.00209444920382,0.00274752880852,0.00306997174708,0.00272918625547,0.0031766295051,0.00210139196076,0.00344366603335,0.00310247814797,0.00322596396169,0.00469011403406,0.00348619039163,0.00395134142547,0.00297042679022,0.00164044291022,0.00648455457024,0.00531083267193,0.00494760419518,0.00259753286637,0.00295245282623,0.00261161253227,0.00509169646025
6.1,0.00968075520088,0.005818441722,0.00394989516174,0.00586775979362,0.00626894257024,0.00453522701094,0.00395001185946,0.00234616091323,0.00366590273334,0.00382157687021,0.00460465004188,0.0055616214344,0.00198017862953,0.00259389204701,0.00338253170483,0.00212624541162,0.00320778938364,0.00261476204699,0.00247276447216,0.00273812803245,0.00193668131798,0.00318602144704,0.00258749622015,0.00354914540295,0.00407302383209,0.00277336557182,0.00399199117122,0.00299746398321,0.00161698759385,0.00501073602391,0.00575758774484,0.00624100495574,0.00263167531038,0.00303346202539,0.00300758423783,0.00526677205276
6.15,0.00851725892408,0.00565541166696,0.00394169498637,0.00600518666425,0.00646382011909,0.00474012658426,0.00356149035488,0.00248808932306,0.00355553541872,0.00412096564318,0.00427098520068,0.00528344581517,0.00216555404911,0.0024919192051,0.00349229248799,0.00247037055063,0.00312454740874,0.00241849401538,0.0020747309338,0.00258470093308,0.00186346019345,0.00294622020424,0.00199275418495,0.00357959190982,0.00397669219326,0.00252517701612,0.00346517638596,0.00267173579917,0.00163149503235,0.00382104407703,0.00587768074821,0.00674355058194,0.00268097087883,0.00296331077696,0.00368110537677,0.00604103394066
6.2,0.00656653834401,0.00607262743549,0.0035445151426,0.0062290121969,0.00621316984612,0.00421653989083,0.00346910342348,0.00255518947368,0.00325415483259,0.00445726030835,0.0042263204153,0.0052855659873,0.00248819587045,0.00264802196769,0.00322985049074,0.00270354087128,0.00291305013213,0.00227956739313,0.0020714558091,0.00233538897488,0.00163629338415,0.00287057530737,0.00203646429752,0.00317779869231,0.00356140592224,0.00244658834224,0.00303937915693,0.00260403264963,0.00170565777281,0.00337795562218,0.00524986221657,0.00644057183918,0.00246423870348,0.00248927143079,0.00367867226905,0.00677843476264
6.25,0.00593372297916,0.00652739330837,0.00317596264457,0.00571939896155,0.00610208538215,0.00435770003919,0.00336490741474,0.00220266901137,0.00309200160826,0.00449355962608,0.00431628003946,0.00446470600929,0.00263203435475,0.00256190821708,0.00311051548721,0.00300831344027,0.00275921948721,0.00200399574937,0.00212813291896,0.00232911383281,0.00156279435916,0.00291434534699,0.00209243622671,0.00261142726549,0.00366444394572,0.00232975944837,0.0028378419343,0.0027972719709,0.00180544129748,0.00342733696327,0.00388761473596,0.00607986847433,0.00240456919561,0.00231246576498,0.00292580574854,0.0062499532847
6.3,0.00537670851852,0.00727598813128,0.00288738306159,0.00517742626545,0.00518029209636,0.00447429216175,0.0029485843878,0.00239170228301,0.00334408007079,0.00414338411138,0.00429046726982,0.00417172048254,0.00267661809083,0.00261052303551,0.00313799908236,0.00264968888595,0.00247888689807,0.00198977192179,0.0022521705771,0.00240871765835,0.00165172018928,0.00320181855825,0.00224712954652,0.00239051562872,0.00329220472419,0.00248123015385,0.00331170829946,0.00271391659859,0.00178780306155,0.0036861205287,0.00287731169704,0.00525336148213,0.00221027622636,0.0024071278417,0.0024432805113,0.0055838337502
6.35,0.00484218278928,0.00784440585684,0.00314960108764,0.00489997343274,0.00429137428644,0.00394527662181,0.00292190547219,0.00316283170831,0.00295136358656,0.00435580913246,0.00380851260227,0.00389818281473,0.00226431375089,0.00278272836042,0.00347308106923,0.00265592780156,0.00223741913821,0.00247255575787,0.00234431455959,0.00213957682881,0.00146454851288,0.00311394817681,0.00209370607833,0.00222200410022,0.0027140180214,0.00289622972891,0.00371535678197,0.00244642240171,0.00205520758007,0.00404647696048,0.003075095355,0.00421815669216,0.00208885028198,0.0026719174896,0.00188398601045,0.00289278613938
6.4,0.00462725143695,0.00865400816704,0.00273894495663,0.00469916079178,0.00390112112224,0.00425235822096,0.00257986509955,0.00331674491646,0.00282073264241,0.00476904430639,0.00387800236431,0.00364893477048,0.00210380853704,0.00255193795887,0.00371360356195,0.00234129130979,0.00229892585263,0.00271997120523,0.00212694657109,0.00228744747126,0.00152828930804,0.00288110214638,0.00162598459018,0.00257811638702,0.00244561693626,0.00301541072899,0.00404702410787,0.00243023729703,0.00209852327209,0.00349096126959,0.00312617628083,0.00390538767475,0.00211640119766,0.00294731382778,0.00185297122678,0.00185047004924
6.45,0.00479351075016,0.00861900871334,0.00301482362239,0.00479335356728,0.0043752148639,0.00420288334719,0.00216435462568,0.00314027411082,0.00272267469335,0.00490656280947,0.00381567866045,0.00311908727227,0.00233099318561,0.00232334414161,0.00351755247278,0.00169278497091,0.00282421194054,0.00286943301121,0.00186669808559,0.00241293895385,0.00179638925024,0.00274334930566,0.00167243901372,0.00279533379346,0.00208190445042,0.003077159495,0.00412660414131,0.00232589843697,0.00178324470759,0.00227890195128,0.00387538182949,0.00353297383187,0.00210587454801,0.00297323637787,0.00200275638927,0.00188075038649
6.5,0.00549954283797,0.0083588409444,0.00335139756171,0.00458952454484,0.00474046660359,0.00360995271923,0.00185943001516,0.00293917354669,0.00246391646974,0.00451813043659,0.00378261937817,0.0030610154198,0.00228373600642,0.0019474589999,0.00319305823239,0.00189846929363,0.0028111540929,0.00276495622854,0.00182064283313,0.00222255496943,0.00227028387164,0.00243386209905,0.00222860822221,0.00249619787441,0.00256094181057,0.00285640102453,0.00423230543828,0.00224597057631,0.00157195888694,0.00215336260572,0.00473839426314,0.00306224621309,0.00196890414305,0.0025966324959,0.00183611905169,0.00350343523756
6.55,0.00581177728984,0.0075341445392,0.00405843490914,0.0039259685316,0.00462355045928,0.00316202758523,0.00163086582729,0.00283330139814,0.00262103991379,0.00431398314594,0.00365958215262,0.00311420284233,0.00221357603424,0.00167810241262,0.00270052135681,0.00207251510287,0.00247996341404,0.00232496355329,0.00202835724621,0.0021070420498,0.0026617687923,0.00233675014496,0.00244089182978,0.00220667726139,0.00331070980934,0.00328731116882,0.00435675216059,0.0020487308784,0.00166900346164,0.00291919675417,0.00504577240494,0.00262766571635,0.00170383005753,0.00234717021894,0.00184163519532,0.00640200320843
6.6,0.00477858881062,0.00740787531968,0.0042165396182,0.00390462486189,0.00443883003062,0.0028231621789,0.00179402302282,0.00318987420018,0.00263700002665,0.00393342971704,0.0035938119227,0.003140149571,0.00200994242205,0.00176180291845,0.00233105104736,0.00237156204909,0.0022974191753,0.00221191416621,0.00202236103621,0.00211628394509,0.0028418549983,0.0022533571213,0.00175226826291,0.00221608805938,0.00343722864128,0.0031578352519,0.00448577254857,0.00201076599906,0.0016250115412,0.00394920676806,0.00470629016988,0.00229246656822,0.00157423260321,0.00216240961915,0.00213244629156,0.00968698300978
6.65,0.00385865610721,0.00678211290081,0.00485384952713,0.00423107280322,0.00453309994447,0.00270364606713,0.00244649096924,0.00295014116716,0.00280537162443,0.0035457708381,0.00369698425398,0.00303767545279,0.0022072081429,0.00197214327868,0.00239097911679,0.00253206196444,0.00236445106582,0.00190726678982,0.00188296870023,0.00199539021113,0.00258901299671,0.0022426406674,0.00128621038095,0.00226370165772,0.00414245030818,0.00289504958164,0.00465159774322,0.00198835768092,0.00181486251648,0.00412351910177,0.00439445540646,0.00225037471413,0.0015565243454,0.00208440149397,0.00182192129537,0.0103612852559
6.7,0.00371331686811,0.00683981659762,0.00392400027876,0.00465047594679,0.00507035177343,0.00304357685976,0.0033094852582,0.0027752142036,0.00305016007119,0.00381167475637,0.00376371911123,0.00345564675581,0.00224163002082,0.00245069044059,0.00236509028848,0.00228200711664,0.00244880216329,0.00170192481489,0.00196357425694,0.00212754785369,0.00191007224602,0.00192331543519,0.00127974478485,0.00214722057897,0.00445535990678,0.00277476673645,0.00431214692538,0.00195531227977,0.00181563394296,0.00423317068203,0.00395015989659,0.00215636545596,0.00147982539281,0.00198301579426,0.00153998212168,0.00946007533662
6.75,0.00348498451336,0.00666340356105,0.0035807910483,0.00441868432598,0.00531376696462,0.00285312215733,0.00342673218181,0.00262579200738,0.00299993640557,0.00382486785311,0.00349818079112,0.00418722488924,0.0018311448793,0.00274617736254,0.00228524360545,0.00197749326049,0.00248445175954,0.00159224669315,0.00173635998642,0.00202952141088,0.00174968657585,0.00180883501732,0.00140577119479,0.00175572584285,0.0040720669866,0.00286562495157,0.00357630240822,0.0016690792634,0.00176046140172,0.00299388466662,0.00314521887505,0.00243092739158,0.00155237573114,0.00194230205346,0.00190479605818,0.00776162147989
6.8,0.00305619806464,0.00596520841406,0.00278374297902,0.00402721883071,0.00560307753179,0.00318660938077,0.00281946018182,0.00270071641939,0.00255276826024,0.00421963147714,0.00316440102378,0.00426747873296,0.00190822042526,0.00263457073396,0.00238550627537,0.00183501734027,0.00208346579511,0.00181099695458,0.00173771907608,0.00213178387801,0.00171004192584,0.00185107443097,0.00159464601287,0.00169247044614,0.00304818337419,0.00285512519738,0.00350288568423,0.00138913270392,0.00176689864568,0.00208567363382,0.00342166419533,0.00299770567792,0.00138576537672,0.00189930839214,0.00218315879441,0.00663696904436
6.85,0.00277004308396,0.00545116583886,0.0028046867631,0.003929163336,0.00520909652009,0.00327635487586,0.00183479179753,0.00270479731612,0.0029320287723,0.00414498715926,0.00355800023773,0.00403624134423,0.00215257449922,0.00244529664861,0.00232263023943,0.00186567019426,0.00177914317413,0.00192045274247,0.0017217853876,0.00209687390084,0.00133968165507,0.00204903050662,0.00165589582625,0.00168633883335,0.00302519264217,0.00316362047619,0.00343056419402,0.00150335934074,0.00176545009016,0.00147844147895,0.00385735072783,0.00241679194051,0.00140663739398,0.00185076200938,0.00285279006295,0.00522245414443
6.9,0.00333348396038,0.00474241226752,0.00326267312986,0.00434880489787,0.00471866729394,0.00303936189078,0.00158807470212,0.00259888925184,0.00359021802738,0.00439507495802,0.00389446101378,0.00339693141114,0.00214225416451,0.00241483685298,0.00241116295222,0.00261162637146,0.00148245110474,0.00196372663253,0.00173470300379,0.00189654981011,0.00136187165973,0.00199533116445,0.0015997107642,0.00169617599209,0.00305935614567,0.00323824073982,0.00310923537581,0.00172005927528,0.00175484104955,0.0013701552313,0.00407429693851,0.00283146923659,0.00150630313444,0.00179786413403,0.00370640278729,0.00418779667611
6.95,0.00405354407415,0.00457321093642,0.00315846658292,0.00469198061642,0.0039607223506,0.00317653724666,0.00156746892532,0.00277085246069,0.00435552522769,0.00427363616993,0.004263796366,0.00266452502601,0.00223456163041,0.00240238063989,0.00241932662793,0.00271285276698,0.00187002111701,0.00193327170044,0.00197787119797,0.00173343987662,0.00154362751787,0.00194206110873,0.00132854971033,0.00178040917581,0.00420556711501,0.00299164149717,0.00333380465117,0.0020045768872,0.00153590085228,0.00139341101815,0.00370233847676,0.00336530958004,0.00156220730736,0.00175704556489,0.00345403863486,0.00446171395322
7.0,0.00329112604831,0.00493261718102,0.00349910798405,0.00522118819,0.00356266271623,0.0038851022496,0.00157338132404,0.00284131566416,0.00502450935345,0.00420089701327,0.00380788258169,0.00264277537872,0.00237362976873,0.00279834554255,0.00260894639695,0.00313241468514,0.00206535801374,0.00187652350186,0.00195223811354,0.00171419213798,0.00177594688633,0.00189147243176,0.00123237547712,0.00189124056371,0.00556319221091,0.00258118878989,0.00300336380406,0.00223277843038,0.00160386875347,0.00215478649682,0.00305508375891,0.00251150561109,0.00161089323463,0.00171606396687,0.00304003879405,0.00426637717391
7.05,0.00290340139247,0.0057775572999,0.00407718259846,0.00547708187237,0.00391569377562,0.00381679700027,0.00166210821346,0.00286498444151,0.0046205716959,0.00401068630193,0.00340745302626,0.00279379556573,0.00214433190455,0.00272860294005,0.00286011157053,0.00303742662645,0.00223307946365,0.00188842959917,0.0015614924538,0.0016916761367,0.00193437889799,0.00197082095839,0.000918328584023,0.00206381776068,0.00513417360949,0.00193549672853,0.00322057421024,0.00210599673904,0.00173639435469,0.00299910868068,0.00222679520906,0.00215285605664,0.00190151136696,0.00176804262367,0.00236603572786,0.00376374308232
7.1,0.00285924419148,0.00518862277255,0.00436009930303,0.00516804962943,0.00421368186198,0.00360979495832,0.00177711568877,0.00285533904893,0.00383266587985,0.00390934232417,0.00323115985061,0.00320848003304,0.00202637815268,0.00255448717659,0.00309371742456,0.00193267025391,0.00192896886115,0.00209088086654,0.00132554028827,0.00177679054865,0.00190565820896,0.00191414154217,0.00102580700151,0.00180716934982,0.00433780950987,0.00139758706449,0.00353180827201,0.00207725868263,0.00182781690278,0.00339943556885,0.00173800365911,0.00279133828305,0.00186739531677,0.00179493445058,0.00200994426461,0.00283586209395
7.15,0.00294525144592,0.00463410552142,0.0035189801754,0.00507701363988,0.00436105854717,0.0031601692783,0.00241435921532,0.00275189894549,0.00365389386569,0.00397476652364,0.00300723228172,0.00314800356841,0.00193581270498,0.0023114526755,0.00272903406567,0.00177310618782,0.00187794188974,0.00214849553364,0.00121733009119,0.00192319741862,0.0020697260494,0.00203752120466,0.00122417025355,0.00159540909044,0.00338030865329,0.00164996526466,0.00366013690895,0.00194718131227,0.00194120613004,0.00300041107354,0.00158988969974,0.00307903166549,0.001844161119,0.00180428874093,0.00176216578401,0.00186710249173
7.2,0.00291759036087,0.00389891550526,0.00352895555119,0.00470499874227,0.00434301756861,0.00285086577874,0.00243456711119,0.00301617252478,0.00352084961872,0.00429876037713,0.00316570439217,0.00345004076061,0.0020711870691,0.00210165292845,0.00233020515209,0.00205292805077,0.00156039940008,0.00230388438441,0.00135173657073,0.00172780395819,0.00207957336569,0.00243547098081,0.00111746639026,0.00167972515281,0.00292753938813,0.00194733695096,0.00352334782377,0.00164822310495,0.0018957675354,0.00206492273871,0.00170527933069,0.00344314778731,0.00169903576744,0.00162319573271,0.0010547106859,0.00157401166758
7.25,0.00319063023197,0.00356315755367,0.00325057031943,0.00469723375226,0.00443439328029,0.00239143657639,0.00273400720247,0.00281877837491,0.00312430364549,0.00460764815748,0.00290744814295,0.00340862719964,0.00249851491369,0.00181142743631,0.00220858352434,0.0029982585918,0.00149492898852,0.00220632521299,0.00139406826155,0.00154933569157,0.00199263826688,0.00246606892558,0.00166410554134,0.00157445270093,0.00263668354019,0.0020531538667,0.00303586758084,0.00180835431195,0.00183332022966,0.00163943908896,0.00175927933619,0.0038450000508,0.00155730966809,0.00143418785976,0.000914764898473,0.0015200744925
7.3,0.00266034913004,0.00366564342425,0.00239165430053,0.00469897925098,0.00471448892027,0.00226022802012,0.0021953068914,0.00278398093901,0.00273485454399,0.00424899817334,0.00296612916326,0.00351078966237,0.0027890516624,0.00174655329346,0.00247629133066,0.00386775421227,0.00163242725639,0.0019612303052,0.00127058420601,0.0014453340514,0.00186796017392,0.00294838588054,0.00252439440664,0.00134104412954,0.00217078651543,0.00273746101242,0.00266876047196,0.0018763378084,0.00179516990863,0.00152303378885,0.00167399496617,0.00345885713037,0.00150633388542,0.00133690237147,0.00126040979133,0.00185550374712
7.35,0.00293741879703,0.00351673243028,0.00161720099773,0.00512286546924,0.0048255219686,0.00206272006099,0.00207060741195,0.00276494233984,0.00252091914664,0.00400136011621,0.0026808280582,0.00354093211602,0.00255198209695,0.00175779964444,0.00281101656322,0.00360839333714,0.00187951860169,0.00184342649725,0.00133458395672,0.00170629492094,0.00166013076693,0.00266981515229,0.00277729789805,0.00132160577255,0.00225461213717,0.00322440634847,0.00257481670272,0.00186101223744,0.0018649471524,0.00127941498652,0.0017168103545,0.00360896550966,0.00149535996037,0.00143941636382,0.00143004588488,0.00198997617227
7.4,0.00403325936591,0.00390076183207,0.00152424491454,0.00588925741019,0.00470830545538,0.00193622893542,0.00200221768019,0.00264956133109,0.00263992558858,0.00378800829287,0.0025585730165,0.00320999594428,0.00234314616869,0.00180796906527,0.00294795050926,0.00373669784251,0.00242133053875,0.00157511580241,0.00114564133297,0.00212785808816,0.00155621172484,0.00218513106339,0.00262550650247,0.0015478971316,0.00238260439179,0.00347134855352,0.00254151930893,0.00170371003509,0.00188953076292,0.00158196279702,0.00266750088779,0.00361323180155,0.00160739995056,0.00138752638377,0.00172820359742,0.00270346676028
7.45,0.00501122075069,0.00428547291704,0.00191939244577,0.00567843392774,0.00412717344775,0.0019270613103,0.00240844283361,0.00241210411028,0.00295782525422,0.00330170368195,0.00234820170779,0.00311364948967,0.00227362907161,0.002053825799,0.00267632778634,0.00364577479952,0.00233679047812,0.00162477431784,0.00130598187494,0.00216372627489,0.00168516182891,0.00182644460118,0.00262573336393,0.00170744582395,0.00274587300049,0.00384366673236,0.00246980469518,0.00199101978912,0.00202233216953,0.00181162345476,0.00381592270192,0.00333132614922,0.00170781236207,0.00167707334072,0.00226505031608,0.00310462018878
7.5,0.00560480897022,0.00412116477485,0.00198569737172,0.00536894100765,0.00368175901953,0.00220378987384,0.00263856932469,0.00238931657433,0.00321997334672,0.00339276247041,0.00240819071923,0.00307685983514,0.00221570090377,0.00237163718607,0.00223018711195,0.00347167475508,0.00251124894826,0.00198785678483,0.00155595449186,0.00202974318208,0.00205096868829,0.00206643012537,0.00230691322215,0.00174264348145,0.00305776157932,0.00391575971448,0.00273560197022,0.00200788314484,0.00198334992188,0.00211285898488,0.00415113198294,0.00228140671938,0.00180458368967,0.00183709109322,0.00280656812806,0.00322556484583
7.55,0.00555825016732,0.00386185884249,0.00195713693029,0.00479051874488,0.00306389155892,0.00285916734523,0.00202971927904,0.00223481443603,0.00329082141387,0.00335119643672,0.00262138223808,0.00342146893947,0.0020051973635,0.00260122915344,0.00174079757664,0.00279946631922,0.00238700525696,0.00208909903402,0.0019434165524,0.00186016498918,0.00207551678011,0.00203717735083,0.00200887018797,0.00183790709933,0.00313561740094,0.00333192532016,0.00324414103789,0.00193948445607,0.00214522009565,0.00222629041905,0.00386830047867,0.00134580035444,0.00171549717653,0.00208027661065,0.00247180117495,0.00283400713299
7.6,0.00476546508152,0.00362456373629,0.00205983965945,0.00417593837842,0.00288635502067,0.00351585227916,0.00191767237316,0.00210386277764,0.00329776719246,0.00305671143465,0.00302760812675,0.00370391223396,0.00185706836735,0.00257324400616,0.00174337576248,0.0024627219084,0.00229240302397,0.00202311917141,0.00238557801825,0.00179305042258,0.00189146479829,0.00194867331166,0.00183725440789,0.00162436609929,0.00276782524878,0.00340619573976,0.00312572715328,0.00182545560369,0.00252176013677,0.00208030047814,0.00325907698836,0.00153013781415,0.00164500458307,0.00221501456394,0.0018828921059,0.00283599808611
7.65,0.00352351224031,0.00380310974344,0.00205795243006,0.00395276188599,0.00279732437777,0.00384244918194,0.00197394566703,0.0023094026461,0.00323768258891,0.00317452115407,0.00298578748081,0.00310838033628,0.0015224073526,0.0024828385049,0.0018027736531,0.00271062552772,0.00238553793471,0.00201965695179,0.00232627856043,0.00161745730437,0.00168787013214,0.00189894186498,0.00181056560607,0.00154381292719,0.00253501637672,0.00305095114653,0.00304148253931,0.00164060931686,0.00246165411882,0.00204044673999,0.00278179601956,0.00210482792478,0.0017063150243,0.00233515428175,0.00168401781973,0.00275733886251
7.7,0.00287083376845,0.00392130876303,0.00214473804078,0.00361180995013,0.0030700782305,0.00388479549726,0.00201992325271,0.00238730295723,0.00255384629231,0.00345979063825,0.00265338199221,0.00339204250249,0.00149390799424,0.00234403150318,0.00211453341847,0.00227401847948,0.00226443076689,0.00199882294615,0.00190516602647,0.00154300478126,0.00172776816425,0.0017400626487,0.0018793747802,0.00137387015811,0.00302955668135,0.00318348435659,0.00289965060025,0.00170440427728,0.00217300774213,0.00183616898554,0.00253062053961,0.00234557274609,0.00170537037228,0.00230475921029,0.00198014623107,0.00315998600611
7.75,0.00284786999148,0.00409522486739,0.00258431503617,0.00317082392847,0.003260161541,0.00378390251643,0.00226524247569,0.00222104746734,0.00201956985408,0.00348249403042,0.00253404831688,0.00399567851478,0.00164069851733,0.00197218055469,0.00225971297536,0.00237868665205,0.0024480503837,0.00194494696808,0.00157909626057,0.0018729475294,0.00152153161373,0.0018979195585,0.00226946674681,0.0012487889665,0.00338957861661,0.00346213738993,0.00318499660362,0.00170411843628,0.00198101380416,0.00193007504214,0.00202319071344,0.0032625906563,0.00165098705543,0.00204515947118,0.00244029193306,0.00348237793061
7.8,0.00396938834112,0.00420151869184,0.00281759052678,0.00286581031759,0.00331572820037,0.0036425252084,0.00249253356718,0.00225316725147,0.00186218116737,0.00329460673936,0.00273401373121,0.00436434594537,0.0018473062568,0.00160662099327,0.00213107537582,0.00306654134597,0.00268597996583,0.00187171935454,0.00154433581103,0.00204822505914,0.00127166999508,0.00237006258891,0.00243810330089,0.00131127014381,0.00342094743732,0.00306742664086,0.00339281339293,0.00184769862954,0.00191422859112,0.00187880064003,0.00216335532585,0.00403609273463,0.00176024956412,0.00195605434556,0.00221961627147,0.00283091899715
7.85,0.00501519783191,0.00358230311145,0.0034329017606,0.00218848563091,0.00287169438287,0.00372457442296,0.00281645657658,0.00229934338199,0.00223011959322,0.00327786586781,0.00290771094517,0.00457066383777,0.00191805227746,0.00157241367208,0.00212664248074,0.00393788153124,0.00224601626146,0.00179584062098,0.00163249093687,0.00221372242944,0.00125457210292,0.00268138414203,0.00215671273878,0.00154822903763,0.00347671450784,0.00279541017706,0.00325121676991,0.00185329037867,0.00178723684596,0.0022269746119,0.00203719247902,0.00386993157262,0.00169790120597,0.0019372173199,0.00233576869808,0.00246776847649
7.9,0.00623149308588,0.00311179090581,0.00339523774802,0.00192217699885,0.00301184851302,0.00355403326211,0.00297762641423,0.00229140830389,0.00275247327735,0.00383005414366,0.00355735132321,0.00412348561496,0.00230399553577,0.00131044865966,0.0022037234631,0.00352973879103,0.0018197777088,0.00179706603105,0.00205053308111,0.00183976297049,0.00142124322774,0.00276627296709,0.00188294861025,0.00183716308576,0.00301210941509,0.00206222900852,0.00301128134119,0.00158139890917,0.00169947344314,0.00206199619782,0.0022399291437,0.00239718329812,0.00175988391459,0.00185523238734,0.00241769741618,0.00255361887449
7.95,0.00732576467985,0.00305214805707,0.0029369659458,0.00215731962267,0.00338691771781,0.00365008197,0.00279395752529,0.00224912214265,0.00280564495126,0.00405794682131,0.00355907471629,0.00341893867087,0.0025297632182,0.00118667154909,0.00262592743054,0.00276364683354,0.00173425711627,0.00164907591239,0.00238503521357,0.00163115954372,0.00141279558231,0.00264080057603,0.0015707630196,0.0016467711429,0.00268774129677,0.0020833222014,0.00288806277145,0.00176249024527,0.00191241269636,0.00217841285518,0.0024729468347,0.00156988025077,0.00187886600995,0.00176159971618,0.00203540255496,0.00279408611814
