time,"-15,0","-10,-20","-10,-15","-10,-10","-10,-5","-5,-25","-5,-20","-5,-15","-5,-10","-5,-5","0,-15","0,-10","0,-5","5,-10","5,-5","5,0","10,-10","10,-5","10,0","15,-5"
2.0,0.00116032221741,0.00116151526002,0.00169938538477,0.00179593529925,0.00111563429531,0.00174495281541,0.0011432769083,0.000901750220145,0.0013627114435,0.00121381288916,0.000916813059167,0.000711300808806,0.00103754321358,0.000756426278862,0.0016332920088,0.0011759715903,0.000883821818759,0.00084622847531,0.00138164950057,0.00146458406728
2.05,0.00129647055392,0.0012677966292,0.00173275547205,0.00194362266423,0.00109524741977,0.00179688770704,0.00124100500922,0.000842770969041,0.00143314149206,0.00123253348959,0.00101818667939,0.000710627834958,0.000984899904259,0.000602469420249,0.00170018551417,0.00109396325686,0.000959522839264,0.00099728735447,0.00125384669632,0.00134328761264
2.1,0.00144614960658,0.00125607922241,0.00160208028481,0.0020541725047,0.00111678464768,0.00187439700328,0.00158654512283,0.000858159861884,0.00134144305546,0.00120625672727,0.00102892840067,0.000776801447851,0.000942257836662,0.00055234995821,0.00170585555854,0.000934151248728,0.00116646975099,0.00103517858901,0.0012815795082,0.00130319693313
2.15,0.0015156156189,0.00120582672844,0.00148215098159,0.00179196431457,0.00120267135468,0.0020740129552,0.00183315303876,0.000776709839871,0.00119851862065,0.00125385198243,0.00120849654532,0.000841152669869,0.000762554365554,0.000547290500653,0.00174593984185,0.000902385733081,0.00130128989426,0.00107080271922,0.00138190984915,0.00132693402554
2.2,0.00153563817472,0.00104291288108,0.00137881484539,0.00121765889005,0.00133457965202,0.00217427706502,0.0018456912498,0.000705284142903,0.00128352795784,0.0014287467898,0.00131493583277,0.000903812328497,0.000636951481295,0.000498114613426,0.00166146657323,0.000856304977259,0.00146155817917,0.00106256949089,0.0014966350892,0.00122672367376
2.25,0.00165283684718,0.000972889830957,0.00133871466764,0.000915988792316,0.00120442541859,0.00246077406097,0.00185089086266,0.000571658443594,0.00131897522626,0.00142324965477,0.00131114528527,0.000956408901958,0.000567406802185,0.000577434719433,0.00168016710945,0.000982132798944,0.00141401154704,0.001228795461,0.00159688721563,0.00110182879535
2.3,0.00174938266578,0.000841804093965,0.00124053331876,0.00102626862873,0.00110807749313,0.00262731977959,0.00157327771335,0.00054475486458,0.00136264617254,0.00138021790527,0.0012217038745,0.00095279635224,0.000575385851597,0.000600616136631,0.00152206946709,0.00112228577577,0.00157776506318,0.00132170041647,0.00151619881208,0.00110792709051
2.35,0.00170010441415,0.000852036241677,0.00125089789418,0.000967350267137,0.000973929596622,0.00260950590627,0.00116964236788,0.000555967510145,0.00131632828055,0.00133563819557,0.00116826769218,0.000889048958349,0.000629999597009,0.000771036400203,0.00135374777733,0.00143927778461,0.0019041511537,0.0014320980109,0.00162676597477,0.00128527200684
2.4,0.00165189204314,0.000885298730189,0.00121348538063,0.000981784010673,0.000986326848825,0.00256256954221,0.00113361824436,0.000709546139055,0.00113777956359,0.00131954192068,0.00114692564376,0.00087005142759,0.000575656888673,0.000914520059666,0.00140986986624,0.00161844351804,0.00194524693376,0.00152507132559,0.00152938745603,0.00142360155159
2.45,0.00176802723228,0.0010027101948,0.00118770408675,0.000930703514199,0.000915811704745,0.00213191769293,0.00100267714142,0.000781393602185,0.00101117908634,0.00138777241423,0.00111939685856,0.00103881175983,0.000717050705577,0.00104415581156,0.0016533963834,0.00132345025097,0.00126919788038,0.00130888022194,0.00153613638973,0.000872676398665
2.5,0.00163111812785,0.00109864906703,0.00125184451771,0.000982016081028,0.00102270647075,0.00184562171582,0.00101178152922,0.000857060152292,0.000864974189554,0.00124062479553,0.00107839855874,0.00124302432587,0.000864262338794,0.00121194647436,0.00157591991836,0.00121361279628,0.00109245344208,0.00126308473582,0.00146387093795,0.000744805679425
2.55,0.00139174351359,0.00101419691128,0.00130682044447,0.00100112854339,0.000993762310431,0.00166807942504,0.00123713843553,0.000907780875826,0.000801021844417,0.00126533064169,0.000867705724698,0.00146588642203,0.000949387722137,0.00138614660598,0.00107796453583,0.00125423630505,0.00118939064002,0.00138270943234,0.00151772634872,0.00081681683971
2.6,0.00116514157516,0.000963494844038,0.0011557530887,0.0010790252417,0.00105897099235,0.00136870716012,0.00142765244681,0.00090637306299,0.000815949276759,0.00125642094231,0.000761675684642,0.00173180221779,0.00088551655581,0.00151345366764,0.000920652075852,0.0010842090478,0.00109442491017,0.00125027290374,0.00161675833083,0.00104938864577
2.65,0.00113825732636,0.000839536556893,0.00102656262292,0.00124388263576,0.00097057528749,0.00123619392335,0.00157028688935,0.000921366251688,0.000908292896934,0.00125259256538,0.000678782372438,0.00172817459596,0.000896335361204,0.00162586174631,0.000950869634863,0.000987889223629,0.000940226188507,0.00108041937076,0.00179945126998,0.0014580540496
2.7,0.00124089815726,0.000782571714591,0.00094904224224,0.00126872516225,0.00105876928218,0.00115954799873,0.00144374181899,0.00109435492956,0.00111785756839,0.00127252424066,0.000563435491218,0.001566601798,0.000900433921366,0.00161903315002,0.00107015407769,0.00108658031202,0.00107110362818,0.000897990647988,0.00160315844596,0.00159823737741
2.75,0.00103449114163,0.000761012531336,0.000895372423367,0.0011607630092,0.0010983098983,0.00129269848073,0.00117452427045,0.00101456334329,0.00134378584229,0.00118808277101,0.000620609412443,0.00141375377577,0.000997677513047,0.00157580059431,0.000988028738174,0.00108446881941,0.00108772149099,0.00107912263466,0.00162220783815,0.00147147279204
2.8,0.000945975683835,0.000730534188417,0.00110002250744,0.000977699901302,0.001152962692,0.00122692998854,0.000942966981378,0.000865706439686,0.00123266466471,0.000980287019384,0.00071925836195,0.00142347456918,0.0011563065666,0.00140587927336,0.00104400284711,0.00119514651254,0.00109967748671,0.00121936886549,0.00143955942242,0.00171026348432
2.85,0.00107383331584,0.000753347470961,0.00121359193976,0.000952958554842,0.0011904144923,0.00120143707337,0.000774624727956,0.000781041657237,0.00123099468253,0.000977250638321,0.000823069892023,0.00128953014484,0.00126152579814,0.00130076877503,0.000936732529201,0.00143221621728,0.00134205565894,0.00141217398082,0.00128485117025,0.00188070482759
2.9,0.00123345433264,0.000827923712177,0.00112550148046,0.000997892402276,0.00122398774348,0.00108204346856,0.000822848853524,0.000773921763719,0.00129447190808,0.000941414541049,0.000920316746416,0.00130289536324,0.00160186738637,0.00129123058063,0.000902046502611,0.00140641291573,0.00162141061732,0.00146309196279,0.00130572621748,0.00267056672586
2.95,0.00145074364222,0.000933833640026,0.000950802989623,0.000969318900496,0.00117829127617,0.00103052991987,0.00104016760339,0.000870517367494,0.00127832991462,0.00101882149278,0.000955672688847,0.00116382606544,0.00177503787476,0.00154285888999,0.000961822988402,0.00127773074949,0.00156375702544,0.00186907464733,0.00130988578064,0.0025375775608
3.0,0.00181357287838,0.000922328778591,0.000835310408442,0.000989223255082,0.00117695963652,0.000886395120491,0.00112304077208,0.000857111100995,0.00112814738284,0.00104918522577,0.000920655642025,0.00114311587971,0.00158291439291,0.00134525580231,0.00104168041055,0.00122530538162,0.00157070903271,0.00189954073734,0.00132160911111,0.00223003301295
3.05,0.00194152118467,0.000862451542871,0.000837587420382,0.00103433376924,0.00133961130149,0.000668732900791,0.00123728982628,0.00082092429388,0.000927518343204,0.000983389722632,0.000819041852492,0.00101526828179,0.00135125226708,0.00131420301605,0.000778110645066,0.00114232532988,0.00131166847787,0.0018707524015,0.00163541750179,0.00157168466917
3.1,0.00169890441422,0.000823077814457,0.000779096110267,0.00103046662055,0.00143775350406,0.00059719696536,0.00105597913371,0.000795835669859,0.000831795218389,0.00104729749824,0.000733619808631,0.000970727574473,0.00111743393875,0.00118712680249,0.000710488041755,0.00101211348334,0.0012384705653,0.0018352881041,0.00183867789495,0.00162197941893
3.15,0.00157029860463,0.000860880155068,0.000798787796974,0.00105536135116,0.00155943065482,0.000716014668188,0.00101946735178,0.000874375713759,0.000876129608664,0.000953718195874,0.000818437331687,0.000968487193785,0.000956184449535,0.001194593137,0.000700717326036,0.000846311848663,0.00116715354503,0.00177207760342,0.00186635753503,0.00168820105834
3.2,0.00154393960373,0.00080831552137,0.000871867225245,0.00113466776604,0.00167244441354,0.000813130016323,0.00099631896356,0.000980735910797,0.000909580258307,0.000960939541713,0.000892443922144,0.000860252223817,0.000733807979439,0.00137506426245,0.000827196030638,0.000830236072563,0.00137528201372,0.00218021786859,0.00176999647222,0.00151431848722
3.25,0.00150119738231,0.000836421674104,0.00107570479276,0.00106781945495,0.00148395336766,0.000844938871276,0.000961605088312,0.00108454871601,0.000877128938786,0.000958058646989,0.000860324984938,0.000785069142966,0.000571530777248,0.00179377871718,0.000742326402919,0.00100177655288,0.00136591687903,0.00211665711644,0.0018144248542,0.00129115189552
3.3,0.00123598516333,0.00101455900004,0.00120898703827,0.000985754811602,0.00129758259536,0.000900408562124,0.000876501830854,0.00103058749442,0.000918066474318,0.000915718848544,0.000813319069649,0.000750995337849,0.000516619444584,0.00208680555095,0.000875988066429,0.00115632112214,0.00131022482655,0.0021075729122,0.00189751344243,0.00183257525734
3.35,0.00124279725744,0.00125364772313,0.00123095364867,0.00079579105077,0.0011235575093,0.00105985094813,0.000843433229746,0.00101587521534,0.000836654865777,0.00080640335853,0.000728715813858,0.000846939384548,0.000557659274981,0.00210451558086,0.000981432569326,0.00118885627174,0.0013247788097,0.00211437363974,0.00271909951735,0.00229789527826
3.4,0.00137684291408,0.0012234916113,0.00116763313417,0.000662067227745,0.00092417606405,0.00114789833464,0.000767696041994,0.000928041061172,0.000783324960788,0.000797002029574,0.000544792380928,0.000822699800081,0.000612108598785,0.00198130818789,0.00100062725203,0.00125739384659,0.00142162314835,0.00228134180572,0.00325615948939,0.00236941232353
3.45,0.0013938282292,0.0010321471586,0.00112926598627,0.000627642423963,0.000885793991865,0.00111817629734,0.000753791515869,0.000860297436112,0.000868890138444,0.000792391207028,0.000539672670366,0.000748033422074,0.000689099429315,0.00179511823736,0.00100934962269,0.00140497664368,0.00153538116954,0.00219906742677,0.0038220059474,0.0026632155273
3.5,0.00143613202526,0.000808673080678,0.00127735581865,0.000630166224559,0.00102128479242,0.00107833698298,0.000962202933999,0.000903727282915,0.00092151735235,0.000875961425055,0.000516641402347,0.000798498780651,0.000814579414074,0.001374702586,0.00147780506479,0.00142015781516,0.00144611872155,0.00173066173735,0.00357631861274,0.00270569979424
3.55,0.00146005978845,0.000526387326853,0.00146025422674,0.000686217690379,0.000920269167339,0.00118922377268,0.00123299601217,0.000942050559608,0.000992389633925,0.00104132337471,0.000527733195376,0.000827852528825,0.00106392585513,0.0013558205135,0.00137924498488,0.0012995661933,0.00172480224601,0.00174016184088,0.00274643490162,0.00253844369487
3.6,0.00136735234604,0.000480777697517,0.0014569914581,0.000684082811405,0.000942383604498,0.00110922551601,0.00131212138037,0.000993121137516,0.000963166902946,0.00112320981029,0.000495756450958,0.00105332906197,0.00118870074858,0.00160124939268,0.00108597998538,0.00136131588111,0.00174831374139,0.00161316450017,0.00234469381109,0.00226591859688
3.65,0.00130117876613,0.000452974913311,0.00144476418758,0.000606008769559,0.000868431427304,0.000981455490373,0.00139190570741,0.00102630363713,0.00080141714597,0.00117077415808,0.000482283370863,0.00113827243242,0.00137530141898,0.00185058914417,0.00104890654074,0.00144835777347,0.00177672392914,0.00142732564063,0.0019433120738,0.00188942478814
3.7,0.00125018853627,0.000502504433279,0.00116788759287,0.00061431644,0.000952557225308,0.000982133859466,0.00106792014703,0.00101672032355,0.000650496323951,0.00107164673579,0.000594212754944,0.0012057994268,0.00111939744657,0.00172706502694,0.00100983038995,0.00163978468956,0.00161700912381,0.00163126443092,0.00182764039004,0.00125450241099
3.75,0.00140371427406,0.00069644318989,0.00105117681682,0.000894722406384,0.000997274790805,0.000928310561734,0.000877928305474,0.00106254931327,0.000587679921264,0.00104847168296,0.00069239591213,0.00109948417336,0.000885922148872,0.0016502208387,0.00102143619406,0.00174168603717,0.00143496747377,0.00177763563465,0.00174569055513,0.00112236604625
3.8,0.00166927085677,0.00082472204545,0.000888054643527,0.00106100431365,0.000910326734801,0.000801068675903,0.000724808520674,0.000927705676274,0.000604319180553,0.000985239251166,0.000722311730354,0.000903010650377,0.000981836447621,0.00123263959536,0.00130812646343,0.00171119026071,0.00107335626283,0.00148751944517,0.00160093132389,0.00117447252515
3.85,0.00200347020303,0.000815277973371,0.000788767804119,0.00105734918468,0.000987798963811,0.000708500732526,0.000666520122785,0.000833241089026,0.000632439975189,0.0010476147234,0.00071201253372,0.000736927142557,0.000991768650422,0.00117988327467,0.00161938578769,0.0016046046629,0.00094273281218,0.00119941022075,0.00130960023473,0.00110914555222
3.9,0.00189069567754,0.0008928493636,0.000742559817064,0.000833066270532,0.00105375404163,0.000653728684576,0.000638099705033,0.000782040687291,0.000733119574065,0.00093193825675,0.0006945708081,0.000553134728153,0.00105895780449,0.00116285409269,0.00204504002851,0.0012409020333,0.00106678016123,0.000901643641813,0.00134057096392,0.000825467055239
3.95,0.00177894511814,0.00116349991506,0.000767410613337,0.000686910086968,0.000919886898898,0.000544917144654,0.000649139265979,0.00064155135208,0.000789417153997,0.000968619909998,0.000739325526201,0.0004790809291,0.00125055156212,0.00137755055162,0.00205277510815,0.00115541385128,0.00120139332559,0.000906648930787,0.00151676546501,0.00101187686002
4.0,0.0016352399208,0.000979014458986,0.000719512111677,0.000516359694077,0.000894368275412,0.000574530101491,0.00054401263342,0.000529290781656,0.000834763734748,0.000905429750635,0.000752094078129,0.000458079202844,0.00121077789456,0.00135887651004,0.00176751331493,0.00123485384512,0.00127013979497,0.00107995887481,0.0015456000223,0.000926981058496
4.05,0.00174648972737,0.000842388786756,0.000813101829483,0.000499348576502,0.0008660138955,0.000602046222106,0.000558260677517,0.000544084015338,0.00091871765746,0.000854804674773,0.000848175426894,0.00044350539145,0.00120085224578,0.00146247341157,0.00157234064495,0.001255359411,0.00133995101178,0.00137451763762,0.00127045126227,0.00100724203568
4.1,0.00180910742684,0.000695546930568,0.000946658235956,0.000558293068555,0.000888846686441,0.000607408466451,0.000580829698002,0.000582130722351,0.000828168232963,0.000917689378641,0.000804109087593,0.000422064283776,0.00116490610066,0.0013735963774,0.00128539912766,0.00139020218692,0.0012315137621,0.00151725872741,0.00111692574207,0.00111335007898
4.15,0.00189172603556,0.000662415454452,0.0009719529789,0.000611348267268,0.000857195083044,0.000503485542175,0.000711269837219,0.000683460419967,0.000767025787141,0.000969234418531,0.000743303575529,0.000431240830915,0.00118277156,0.00132763788567,0.00134358356107,0.00144045986251,0.00110409338574,0.00165690322262,0.0010318969695,0.00120262025641
4.2,0.00175727521722,0.000927899946188,0.000884825923291,0.000594003969423,0.000897367322112,0.000525928291309,0.000730444241889,0.00081151918028,0.00083580244838,0.000999756215553,0.000715627992868,0.000437908133967,0.00108576128908,0.00120588318237,0.00147557991699,0.00148810326383,0.00107728514263,0.00162269330354,0.00108287940865,0.0014589891751
4.25,0.00170012511083,0.00138327687304,0.000965471417177,0.000757462906102,0.00104287391028,0.00047832004105,0.00079429137431,0.000903909304946,0.000814979454281,0.00090331342386,0.000776849268857,0.000411785791427,0.000907405103533,0.0012530792621,0.00182658344805,0.0013638201244,0.00098034831385,0.00157783246307,0.00139372371312,0.0018094766327
4.3,0.00143364413451,0.00140395770145,0.00122824059807,0.00118947102555,0.0011535957369,0.000469354816872,0.00103268396477,0.000996738185174,0.000908924906909,0.000904013598718,0.000904448312845,0.000626476016975,0.000860231320976,0.00139735283242,0.00239309604658,0.00108094710648,0.00117530498816,0.00153019495491,0.00163177656705,0.00235970074582
4.35,0.00133408967659,0.00153916867033,0.00128525362843,0.00139575155591,0.00118233666312,0.00050870932691,0.00145469438823,0.00128790952639,0.000998061757459,0.000948448761263,0.00117373820582,0.00083729923279,0.000970335329084,0.00128152711479,0.00261791880839,0.00116176275963,0.00118066298626,0.0015679423902,0.00179573507583,0.00295520365786
4.4,0.00121589326172,0.00144109727872,0.00131240139956,0.00146792332856,0.00128281402126,0.000507130404131,0.0019430489114,0.00152969477679,0.00118289490879,0.000973167149956,0.00143217275228,0.00115271035798,0.00115351301322,0.00120663561919,0.00276116313293,0.0013015487508,0.00111610186574,0.00148766988575,0.00176627982939,0.002628647775
4.45,0.00122274077678,0.00135200319196,0.00109049369639,0.00139984253071,0.00126837369997,0.000558308068114,0.00216411699204,0.00190053913063,0.00134810728196,0.00112288688263,0.00186353585206,0.00130816537024,0.0012822847835,0.00143849139996,0.002797867339,0.00139866842426,0.00153751078474,0.00145819524128,0.00158109124846,0.00231404321878
4.5,0.00110678234485,0.00133828228123,0.000937379199761,0.0011746217313,0.00120301374965,0.000660576535839,0.00237052508062,0.00197141893212,0.00142242201752,0.00123898902317,0.00185044235657,0.00133229207101,0.00153128859805,0.00178276295185,0.00245552595832,0.00162585689719,0.0015715551079,0.00147123970283,0.00154889979491,0.00227945851915
4.55,0.00115920178966,0.00109136140465,0.000734926786007,0.00113699738918,0.00112697966946,0.000839230497705,0.00217026773952,0.00195053588148,0.00130573547403,0.00119198625368,0.00182608203671,0.00122396343008,0.0017184935126,0.0019150446478,0.00217258447939,0.00177088462085,0.00166314980288,0.00147777478937,0.0016246224103,0.00167612547719
4.6,0.00116645099601,0.0010658088236,0.000724603405893,0.0011385957665,0.00106577047585,0.00105682256836,0.00198458679468,0.00191250633159,0.00137320455654,0.00107760720527,0.00173487886316,0.000987108114872,0.0015392078539,0.00189371807289,0.00184308664905,0.00181194776677,0.0012329320636,0.0012885961372,0.00165738095403,0.0013485918477
4.65,0.00101776465746,0.000966440524142,0.000718165166717,0.00135840721168,0.00114618065477,0.00102285203027,0.00187445828424,0.00193034553933,0.00135184468593,0.00111836760729,0.00180675188405,0.00114437484855,0.00134169425989,0.00208567715648,0.00165422518921,0.00200321059822,0.00103806953992,0.0014537620491,0.00176443829283,0.000956340079259
4.7,0.00106891334016,0.00119142186167,0.00115337591122,0.001418520001,0.00115436688857,0.00114729636116,0.00186361045217,0.00201953414822,0.00147940245338,0.00116462102366,0.00199260033582,0.00126767292586,0.00126905153546,0.00175372662886,0.00177660472154,0.00210512085534,0.00100374766162,0.00152891691774,0.00189281198206,0.000890369563455
4.75,0.00112999730838,0.00173150526403,0.00170667954753,0.00124258095851,0.00120703637995,0.00126244351833,0.00202964858771,0.00249444639468,0.00166366607702,0.00129530745489,0.00216437093936,0.00157832756563,0.00159428965262,0.00189416157344,0.00220885586644,0.00185468340229,0.0012789972268,0.0017675023226,0.00199443522678,0.00103746148713
4.8,0.00116603485869,0.00283511725127,0.00258551649721,0.00139057689898,0.00133161493547,0.00135107069495,0.00247798450251,0.00355069131492,0.00202721766806,0.00142197984674,0.00246735952104,0.00195193166678,0.00233926870242,0.00181059850769,0.00315491925194,0.00174649899616,0.00168776459833,0.00186372707557,0.00208973517546,0.0015445009933
4.85,0.00115231382855,0.00437891642526,0.00364103683356,0.00172378232557,0.00142247899666,0.00149185663071,0.00407083655033,0.00509076949442,0.0028341394648,0.00180637990134,0.00283993249211,0.00291760619619,0.00353002641765,0.00216439831549,0.0044472396437,0.00178314042464,0.00189614808108,0.00258845484428,0.0023054553526,0.00204058085288
4.9,0.00116785208824,0.00578237465764,0.00442297860014,0.00172489899544,0.00146262709209,0.00157330382594,0.00581004339071,0.00620997994516,0.00357212006432,0.00220033168081,0.00332511250043,0.00489590246236,0.00514787450216,0.00281130570479,0.0064008578634,0.00183624871474,0.0023802411136,0.00352610813193,0.00220245783515,0.00290891616617
4.95,0.00133763817498,0.00706488562823,0.00437651875544,0.00187375856495,0.00138194289916,0.0014851917946,0.00673398228242,0.00648699316802,0.00409564575376,0.0024550912123,0.00353059806622,0.00713929631649,0.00525535932513,0.00371754782089,0.00791652157275,0.00214703733045,0.00271595793457,0.00463939765352,0.00211596556222,0.00283856707252
5.0,0.00171625575576,0.00754521721191,0.00427189560769,0.00178139829152,0.00125751841758,0.00183772329198,0.0069226744741,0.00638354515484,0.00434323931816,0.0028369499352,0.00327516446472,0.00843470513327,0.00495988572752,0.00477601618503,0.00852421158337,0.00225260615272,0.00282360594882,0.00562421651856,0.00219530387856,0.0030995623689
5.05,0.00226366787325,0.00676781310915,0.00362943000454,0.00149669514331,0.00128717473451,0.00195425103844,0.00656206248127,0.0060918528824,0.00404455573447,0.00275997003305,0.00304404958591,0.00860268848556,0.00458136323314,0.00497724346487,0.00933357208297,0.00231697113181,0.00254684311265,0.00610587414126,0.00243163331348,0.00245964189342
5.1,0.0027229755845,0.00594623201185,0.00335141773092,0.00149621199888,0.00137839369837,0.00179827144826,0.00556235201237,0.00532420852052,0.00379930917807,0.0025040776703,0.00262374406365,0.00737871414358,0.00378560898395,0.00497354971661,0.00927740330785,0.00243973729279,0.00225499184145,0.0063413125699,0.00310438270299,0.00250063710307
5.15,0.00266125747213,0.00512370166453,0.00329473397155,0.00181425720278,0.00140484851718,0.00137875207902,0.00475477014603,0.00470823700603,0.00361748986221,0.0022655350966,0.00252039209079,0.00537299575096,0.00318064982826,0.00383876302328,0.00820033797622,0.002637363897,0.00264763585054,0.006221014467,0.00396913324464,0.00308929743802
5.2,0.00251322994664,0.00428701583964,0.00324242252995,0.00211876565843,0.00148635777204,0.00142793411301,0.00397346342373,0.0042399099731,0.00303771977396,0.00216383865445,0.00244613311139,0.00447808522013,0.0027004624483,0.00331227953229,0.00758324746265,0.00337428063578,0.00303180952495,0.00729755407358,0.00466027836161,0.00391450801229
5.25,0.00231263057973,0.00325817729135,0.00272009346706,0.00280332473996,0.00161750739052,0.00140381976934,0.00345574736344,0.00361726397847,0.00252463818599,0.00203243915331,0.00255123272132,0.00390992528104,0.00255809744666,0.00288573109637,0.00733138283755,0.00430747669737,0.00362086912864,0.00979895949779,0.00542728315756,0.00512628084366
5.3,0.00216300519657,0.00307674377764,0.00223006559538,0.00325296297629,0.00169764530804,0.00136997134177,0.00290110554444,0.00297580438228,0.0019318500749,0.00197340802251,0.00244067109127,0.00319643849555,0.00269448955668,0.00288305412611,0.008562348772,0.00546105219387,0.00438491600954,0.0115043346339,0.00546686314569,0.00616084687616
5.35,0.0023302434918,0.00284675121088,0.00149074807224,0.0031390551923,0.00155330118832,0.00130947891445,0.00246591986093,0.00236528906,0.0014301381873,0.00200290970003,0.0021902638699,0.00226449665165,0.0027058268244,0.00270676012991,0.00896613751422,0.00615214073085,0.00544703091394,0.0126002003629,0.00610626156054,0.00667582063519
5.4,0.00229741499376,0.00255397353755,0.00113401569816,0.0027902254526,0.00152552231683,0.00124888898527,0.00231735190557,0.00192539702855,0.00126015242156,0.00185867336289,0.00176080256417,0.00178789408175,0.00268487855522,0.00256815752559,0.0090315461875,0.0065552528921,0.00613688381411,0.0118930895484,0.00622621285079,0.00783316403694
5.45,0.0022496295346,0.0021576909958,0.00117884484311,0.00218771147333,0.00148440364851,0.0013997211957,0.00194724700191,0.00157731782463,0.00126888803664,0.00181692891509,0.00149472556442,0.00152818189628,0.00252042946127,0.00241754623967,0.00917359091697,0.00633761159001,0.00580742716665,0.0113430424305,0.00600782582859,0.00774135888481
5.5,0.00232123364555,0.00204672304839,0.00146730617675,0.00190603147619,0.00156338227123,0.00179546857117,0.0019425086949,0.00143402475479,0.00134535475619,0.00172644512781,0.00139448770582,0.00150742793604,0.00192555129661,0.00265664441594,0.00847016430287,0.0065039216644,0.00449266847413,0.0104459199403,0.00560830986502,0.00697034482581
5.55,0.00203461433126,0.00211595476038,0.00164769259444,0.00196841981739,0.00152146909146,0.0019564430516,0.0018011704066,0.0014313443709,0.00146235283638,0.00165417785421,0.00128127845477,0.00139727497758,0.00149849800528,0.00313086541993,0.00718393540279,0.00721625799151,0.00395279387619,0.00959434199895,0.0055225328246,0.00600975960067
5.6,0.00210233183377,0.00218685991146,0.00187754631825,0.00210114086953,0.00165980604243,0.0018535072864,0.00197492243193,0.00157200774692,0.00167896398179,0.00147054169317,0.00128326966337,0.00145551756015,0.00134866901637,0.00309024432633,0.00587284369866,0.00728890872286,0.00327059749321,0.00866455780203,0.00503148557048,0.00411252825672
5.65,0.00231094786395,0.00208611313707,0.00202511859564,0.00202269904679,0.00164671193405,0.0016649550963,0.00193817439053,0.00161798161362,0.0017570119523,0.00136250788944,0.00155260543007,0.00158711857905,0.00125786024845,0.00304202624462,0.00465309269086,0.00681638497937,0.00309344282212,0.00810025421536,0.00421833998628,0.00270607670452
5.7,0.00228070623089,0.00199841497373,0.00197676324504,0.0021510751227,0.00187450693978,0.00157951456252,0.00184749685515,0.00169980591032,0.00158803081295,0.00127217597523,0.00170501003242,0.00149705316848,0.00129796257621,0.00299107822596,0.00367836530514,0.00536961043627,0.00244405818361,0.00671903959656,0.00353999771676,0.0020171181348
5.75,0.00234940912586,0.00163908069576,0.00184985310111,0.00247316841456,0.00181935900286,0.0012463439758,0.00183853128204,0.00174276991331,0.001437791594,0.00129424321516,0.00186757021692,0.00155602483963,0.00124489546255,0.00281076806438,0.00342423397924,0.0036595048453,0.00151266327801,0.00577926337082,0.00287024544991,0.00147968998719
5.8,0.00221068621889,0.00130849184119,0.00180604314413,0.00249309390524,0.00195761353591,0.00104238665059,0.00177531475622,0.00184475606536,0.00126514878322,0.00135736158501,0.00175703821475,0.00170430969932,0.000889433096591,0.00263741922163,0.0032138340627,0.00281136187319,0.00130175190042,0.00476915182358,0.00283968375671,0.00169727353376
5.85,0.00211566838178,0.0011685827827,0.00196910474356,0.002371084568,0.00180356714571,0.00120343469059,0.00175431045022,0.00182932478744,0.00127091135421,0.00153568769531,0.00136414682203,0.00188298304334,0.00100185202071,0.0022648048019,0.00361945676785,0.00224177089471,0.00147383690685,0.00404600580022,0.00266735724456,0.00228656461725
5.9,0.00179864360197,0.00110944253661,0.00209299896943,0.00254384767851,0.00165472239411,0.00114038177129,0.00174281775074,0.00168255558128,0.00126688374623,0.0014445965004,0.00132288456146,0.00178026956954,0.000976417159765,0.00221798118929,0.00505681161118,0.00216146992211,0.00164661928775,0.00387194961229,0.00266716788084,0.00218533614695
5.95,0.00180001951763,0.00101179439184,0.00181932365953,0.0025264570145,0.00144915519956,0.00110375419312,0.00165609397155,0.00139167171229,0.00125115851892,0.00124246549567,0.00136899496029,0.00160852946136,0.000956278610703,0.00238617729882,0.00562139096439,0.00233932147584,0.00181156500221,0.00358326057872,0.00273588967092,0.00224011976462
6.0,0.00165122153882,0.00079686870465,0.00160263806889,0.00232489282219,0.00128704057792,0.00111690994319,0.0014795447133,0.00134273847505,0.0012827061447,0.00114313902445,0.00132852015185,0.00131960812365,0.000825057035604,0.00233933597326,0.00529036266315,0.0025117398193,0.00154253353973,0.00339162175494,0.00299395365255,0.00217804582926
6.05,0.00158813967336,0.000774142131637,0.00139308671784,0.00223304521055,0.00133226384832,0.00114399113943,0.00129631775866,0.00136459189699,0.00127424222871,0.0011722469389,0.00128147411088,0.00120880002893,0.000647442016611,0.00226844419839,0.00460548514917,0.00245180591497,0.00124189996075,0.00370716390484,0.00329121467032,0.00219309398283
6.1,0.00169447556175,0.000885911553474,0.00101311338735,0.00200060807739,0.00120551767036,0.00123910335736,0.00117330846565,0.0010775379013,0.00123839873439,0.00114866910365,0.00127998806893,0.00115196771522,0.000724912376813,0.00240823752893,0.00339303564311,0.00238449698696,0.000947588265331,0.00403445960646,0.00331215000827,0.00253626219915
6.15,0.00163707233813,0.000929169223284,0.000691250569396,0.00176620873191,0.00107052540619,0.00114819846544,0.00108608278424,0.0009116724038,0.0010374777017,0.00119710743866,0.00125170533382,0.0009902872346,0.000931722207455,0.00203739162247,0.00279253863875,0.00227321961799,0.000918116036838,0.00371791579945,0.00326570285931,0.00275131983948
6.2,0.00150966887079,0.000829988684201,0.000663015299925,0.00171411057048,0.00110307339855,0.00109695793304,0.00104808646328,0.000828933745215,0.000891241091903,0.00127570624339,0.00127878067219,0.000990008653056,0.000882238241518,0.00181172758697,0.00273353706985,0.00190304799205,0.000927531438267,0.00317036731426,0.00295173419012,0.00276806114573
6.25,0.00143395650766,0.000766952330973,0.00077690556055,0.00138711504928,0.00103126605596,0.000989717110741,0.00105782481373,0.000779008464296,0.000842010724962,0.00128412546137,0.00124696146214,0.000947390445598,0.000855696825465,0.00176932582851,0.00266744882331,0.0022186299328,0.00100863278472,0.00233191530208,0.00253072624139,0.00225237817001
6.3,0.0012427652543,0.000939762184892,0.000847955535585,0.00116917759074,0.00111123064954,0.00076340243625,0.000980628142394,0.000770040518389,0.000856871377547,0.00125464757347,0.00120675211451,0.000939056021229,0.00081444666331,0.00163275884854,0.00259681921829,0.0023956433259,0.000839845616929,0.00183959932737,0.00235225640353,0.00208654664627
6.35,0.00124178550115,0.000947852497855,0.000866455554905,0.00103584656089,0.00117270781996,0.000776980322525,0.000970481115681,0.00083556296755,0.000823230299946,0.00123553715986,0.00103403062566,0.000877199761472,0.000772971594879,0.00169468038544,0.00259999604633,0.00208983419552,0.00107776508407,0.00165968763963,0.00189820407478,0.00157188055729
6.4,0.00111488631044,0.000984439135457,0.000811201344764,0.00115178825428,0.00119762772023,0.000924631187012,0.000946476348009,0.000870337288591,0.000781273814433,0.00116444942075,0.00107922883116,0.000945219159267,0.000669767359444,0.00177921196377,0.00276141058036,0.00186978777161,0.00110623338148,0.00176022753779,0.00161922590211,0.00180152690087
6.45,0.00116279237305,0.00123701165645,0.000850878204062,0.00102488014459,0.00109806813795,0.00110668294835,0.000957349349513,0.000888600529136,0.000719411436949,0.00111532965771,0.00107147182828,0.000985261419253,0.000973227054999,0.00188182865644,0.00304979163545,0.00203364961784,0.00115713515498,0.00183562282247,0.00152603071266,0.00196468027533
6.5,0.0011825193724,0.00107592826182,0.000831093485964,0.0008472879119,0.0010887190146,0.00122100906476,0.00107760810165,0.000844956864682,0.000828805708809,0.00119249837333,0.00109627229673,0.00106868817433,0.00123834622446,0.00190430877594,0.00299511275802,0.00174141356547,0.00123260562236,0.00199299501724,0.00159608377192,0.00203594086659
6.55,0.00121696757632,0.000950177401338,0.000831575847663,0.000771363107259,0.00108278742936,0.00143516801417,0.00123523856154,0.000704194280373,0.00096313428304,0.00110354470421,0.00109416716689,0.00107526511441,0.00140269316414,0.00178490608137,0.00249670215079,0.00164117232551,0.0011393601426,0.00199692362314,0.00168820910839,0.00199233217891
6.6,0.00119427041118,0.000765691222946,0.000805680633638,0.000988386906423,0.00103119215816,0.0013807441721,0.00138008703458,0.000731092402628,0.00114003181271,0.00108742275634,0.00106941869936,0.00101031996034,0.0013511860339,0.00146200089392,0.00227976144389,0.00126352978375,0.000791512995573,0.00214024015374,0.00160047783651,0.00202870178503
6.65,0.00109690615893,0.00082102307594,0.000778174622236,0.00120518259355,0.000992295673791,0.00122508648472,0.00130665982376,0.000857742590943,0.00114725431275,0.000987009003082,0.000922735666686,0.000977992549255,0.00102316434079,0.00127525898282,0.00207198805212,0.00105874635022,0.000697142364302,0.00142900105138,0.00164024640398,0.00192286600348
6.7,0.00112568208029,0.000684503348142,0.000814673070864,0.000950628579398,0.000927931113629,0.00111766558177,0.00118582456448,0.00101380182514,0.000949232952902,0.000941849557976,0.000848793937079,0.000914729442155,0.000785014739296,0.00118453621953,0.00194958307789,0.001029772238,0.000947240760978,0.00148485133121,0.00165775801994,0.00166328671622
6.75,0.00119908162785,0.000636892450706,0.000828641059171,0.000790760396207,0.00087582106244,0.000960828209336,0.00118295004771,0.00120033584651,0.000892503036977,0.000917008566651,0.000936042936484,0.000904972377403,0.000853826244663,0.00123267942584,0.00185873238718,0.00114905639307,0.0012229824392,0.00162152046585,0.00180656282654,0.00116883636718
6.8,0.00119298756348,0.000617065495022,0.000950949179635,0.000742681628833,0.000892703853905,0.00101743567928,0.00113979774537,0.00135156552335,0.000836904737048,0.000763589538798,0.00106278263379,0.00104387095833,0.000909433156082,0.00130761292998,0.00157488088019,0.000993588525389,0.00124683792152,0.00167851075242,0.00178297400647,0.00101522475567
6.85,0.000956298596611,0.000619887456059,0.00124217262613,0.000685824940519,0.000861316195823,0.000999940158935,0.00101321778212,0.0012770818597,0.000846455577283,0.000752652846331,0.00118976550671,0.00122382873781,0.0012086716618,0.00142290116688,0.00123740448871,0.00108325691081,0.00102728069615,0.00191369804621,0.00204282415919,0.00112738368581
6.9,0.000860751476871,0.000619005694665,0.00132585834306,0.000687954087504,0.000916267301528,0.000853710430001,0.00099119637346,0.00124972297257,0.000966444290396,0.000784787502795,0.00117020505045,0.00133622995228,0.00152351690063,0.00125902332205,0.00130795721614,0.000934390389867,0.00105660700339,0.0016737516909,0.00244758054485,0.00148851111158
6.95,0.000775349618056,0.000850964616937,0.00127569326501,0.000782858372646,0.00096627805459,0.0008209613853,0.00108709742012,0.00118970618625,0.00104427263609,0.000866036911269,0.00105251230802,0.00137728794063,0.00204677793986,0.00120564626176,0.00180399640113,0.000945191539015,0.000882609222323,0.00170953919982,0.00275057479832,0.00193198652693
7.0,0.000974205302814,0.00106469152443,0.00103665779031,0.00089228197141,0.00104742042448,0.000671235623074,0.00118531630171,0.000983738671975,0.00102041296618,0.00102628242993,0.000937025659036,0.00143779812816,0.002124107876,0.00114749171235,0.00216513433426,0.00103617684395,0.000872080585389,0.00200761149534,0.00272251474064,0.00235564318019
7.05,0.00103778143306,0.00122575234948,0.0010184375927,0.00101923262547,0.00111761174893,0.000737051308251,0.00118423576551,0.000815234366102,0.00107271178568,0.00100606493425,0.0008823771876,0.00125780914354,0.00182951725684,0.00101639923684,0.00219892911907,0.00115082252621,0.000759673034135,0.00218559980766,0.00239257560779,0.00177147936862
7.1,0.00108800438319,0.00122295778067,0.000932611402612,0.0010609172432,0.00117920322511,0.000758587062703,0.00118406653378,0.000760290257267,0.00107174508248,0.00100776185424,0.000931815601164,0.00109362748676,0.00154766974424,0.000942061318034,0.00204764883872,0.00141806526315,0.000762990233055,0.00211176407228,0.00200687851774,0.00204608906322
7.15,0.0012483466414,0.001014475372,0.000932660440834,0.000915353131479,0.00106898585148,0.000803064209132,0.00110849147953,0.000800895121148,0.000948008265727,0.000960649398281,0.000946259657599,0.000914817506605,0.00139248294578,0.000925188448792,0.00175836406399,0.00157107654416,0.000825111134296,0.00180232269756,0.00178038867136,0.00246905323177
7.2,0.00131185679497,0.00103962538997,0.000806429982967,0.000764503877325,0.000960938270923,0.000783212548783,0.00100519421955,0.000880854854161,0.000794835577327,0.00107545647427,0.0008490696065,0.000806650046204,0.00123591486029,0.00116761599773,0.00147259398711,0.00174893477366,0.000724668526279,0.00154825421394,0.00180471748531,0.0021080983702
7.25,0.00102590505271,0.000890804736839,0.000717378339256,0.000722222213501,0.000893185154358,0.000748684003903,0.000879114462602,0.000925665344193,0.000779760948724,0.00114229944569,0.000761714739523,0.000671504237663,0.000985414158835,0.00136713629277,0.00135494720179,0.0019631094798,0.000658364652133,0.00122681641472,0.0017339080279,0.00175196353517
7.3,0.000945202179244,0.00075462534872,0.000576899590741,0.000668547065523,0.000845561332627,0.000711301844485,0.000936450014942,0.000953865758913,0.000811400589333,0.00115688323112,0.000702144260557,0.000662707945404,0.000847839860822,0.0015103489597,0.00127721427252,0.00198773141726,0.000760919034329,0.00105248249631,0.00166245371412,0.00181378511517
7.35,0.000768975658515,0.000737076973792,0.000656008011756,0.000712900612245,0.000887114078364,0.000784701386699,0.000995962865339,0.00111173720799,0.00086482655166,0.00115442694461,0.000694617547236,0.000611794070166,0.000741926190257,0.0014835057042,0.00128438796114,0.00169894908436,0.00078491632712,0.00127431602947,0.0014573817955,0.00209892016829
7.4,0.000725831531664,0.000776091000822,0.000768875169807,0.000810849083577,0.000996737996886,0.000898464886421,0.00117795838225,0.00113093344693,0.000917245119718,0.00121845441092,0.000818983836213,0.000615650388181,0.000622356630126,0.00153131221416,0.00118473861476,0.00164725491998,0.000915809237841,0.00149743406102,0.00135197936105,0.00255364723453
7.45,0.000696452626639,0.000658343797204,0.000925644305042,0.000814316549473,0.00108978134351,0.00102466106537,0.001384622647,0.0010351040777,0.00100873041687,0.00117374909463,0.000970064186308,0.000777220249851,0.000778521155657,0.00162687830678,0.00108832390905,0.00162087222569,0.00105676459941,0.00150803024856,0.00118081797724,0.00289658462152
7.5,0.000977240393353,0.000563074396719,0.000967541226747,0.000755777944468,0.000992346226085,0.000993472227535,0.00139199390379,0.00092822574028,0.000969030761056,0.00128553748628,0.00107891355785,0.00110409674989,0.000925688503895,0.00165024803453,0.0010935097246,0.00157016732895,0.00104303373513,0.00126561814124,0.00114362398832,0.0028673040762
7.55,0.00108661397478,0.000646977836414,0.000786001369033,0.00076248802876,0.00100720883068,0.000957658557986,0.00142426056482,0.000898887674909,0.000979185728147,0.0014745821047,0.00118246459763,0.00125306537108,0.000953103951838,0.0014293739818,0.00100801565675,0.00143538158597,0.00104835369923,0.00154080661847,0.0012811536623,0.0023989546772
7.6,0.00104031889312,0.000670573352954,0.00066037530072,0.000878336106962,0.00100448288131,0.00089271863821,0.00151999265198,0.000870077868679,0.000846119568665,0.0015030407306,0.00133839092435,0.00138887678086,0.000988242185609,0.00139095607771,0.00071850690738,0.00143175819419,0.00103572628948,0.00201185883498,0.00155611725877,0.00174883067015
7.65,0.00110896761285,0.000687495391169,0.000755173500959,0.00108205064813,0.00107057000698,0.000896333253117,0.00131718396149,0.000891225614706,0.000904574563634,0.00123970248605,0.00145770202276,0.00147378803905,0.000886304863278,0.00126707448672,0.000688324984474,0.0014813787917,0.000966721608092,0.00221317993569,0.00179990376823,0.00124135759693
7.7,0.000948440406549,0.000735438819087,0.00077228641073,0.00108352428272,0.001094343655,0.000706544849718,0.00115375453439,0.000980613092441,0.000837402115386,0.000997503867015,0.00142132306543,0.00134074358234,0.000804878106624,0.00126025556351,0.000978992639553,0.00146863192006,0.000791619920859,0.00216348111618,0.00164365661682,0.0014497821929
7.75,0.000934832105173,0.00071890340258,0.000766278708241,0.00109196986391,0.00107946293436,0.000531520767278,0.00120213602422,0.00100812720425,0.000842277789528,0.000904247472665,0.00121523798413,0.00127501255824,0.000704336307401,0.00115035821411,0.00114627103782,0.00144565123215,0.000713880457816,0.00200241255962,0.00153462193788,0.0020383751104
7.8,0.00106125460348,0.000752668261892,0.000794009013706,0.00114936233446,0.00109784745279,0.000481289056661,0.00123183745727,0.00102639601434,0.00081973831213,0.000877315047609,0.00110692890754,0.00113239666274,0.000732860493668,0.00109630559445,0.00136742780753,0.00116598305413,0.000720195344797,0.00164604902806,0.00156005577899,0.00270404363288
7.85,0.00122968676744,0.000653566440633,0.000723629056936,0.00102738790987,0.00105324023828,0.000487598499095,0.00128812264366,0.00110548064444,0.000786324514689,0.000775860418833,0.000997089410947,0.00107362913734,0.000797386090114,0.00104587676885,0.00159886746404,0.0011570153922,0.00078124681118,0.00152253595244,0.00156292710738,0.00277479542963
7.9,0.00122613392627,0.000540177623891,0.000637507778818,0.000990587472293,0.00113400520311,0.000704358596696,0.00135896446668,0.0011033366522,0.000801307160959,0.000776445148541,0.000963976591635,0.00112411611437,0.000818910336893,0.00109155789883,0.00179098796646,0.00120884068778,0.000740735626915,0.00179106924358,0.00175981165362,0.00210775427066
7.95,0.000959676021037,0.000481695986775,0.000636988151856,0.000899714730892,0.00115087877552,0.000965407279094,0.00120786395646,0.00101934566018,0.000746848596731,0.000854997882194,0.000883756636369,0.00111522951804,0.000721562857669,0.00111062339924,0.00231156081564,0.00134923273346,0.000734553658178,0.00189648057938,0.00169791418182,0.00172059818678
