time,"-25,-15","-25,-10","-20,-20","-20,-15","-20,-10","-20,-5","-20,0","-20,5","-15,-10","-15,5","-10,-20","-10,-15","-10,0","-10,5","-5,-5","-5,0","-5,5","0,0","0,5","0,10","5,-20"
2.0,0.00260284392417,0.00120570614073,0.00209159795008,0.0013031871509,0.00202003247322,0.00189510310759,0.00160424965684,0.00146346605232,0.00176172014972,0.00164869953244,0.00137892953147,0.0020031648365,0.00260366631698,0.00166476539304,0.00163019915808,0.00230338706576,0.00204281482122,0.00219244714204,0.00278863154241,0.00259994657403,0.00130164978722
2.05,0.00280361001793,0.00141610221645,0.00181887956067,0.00137856972932,0.00186724591105,0.0019912305285,0.00200252304462,0.00150605354569,0.00158961063755,0.00174763765585,0.00132277516313,0.00245965463987,0.00291434876067,0.00194838766731,0.00169433155539,0.00231197175359,0.00195610325642,0.00310796900091,0.00273702060722,0.00271706213816,0.00102843571824
2.1,0.00238397234797,0.00133543934131,0.0015427225131,0.00163490366358,0.001872616766,0.00200233802456,0.00216037527775,0.00157139813371,0.00169011033104,0.00201149576924,0.00189374435647,0.00267653861117,0.00298271118025,0.00213914769624,0.00206562841435,0.00256882907109,0.00183366788564,0.00324069876458,0.0029149108529,0.00326682703824,0.000640842043395
2.15,0.00179727100555,0.00113453245094,0.00147907044464,0.00169103677746,0.00191150479033,0.00198535277725,0.00184505171556,0.00167850160546,0.00160221716681,0.00217112748958,0.00221739994611,0.00219470781056,0.00216156399371,0.00196344032936,0.00221278168553,0.00272154945767,0.00185934248398,0.00317671887889,0.00280874135798,0.00348199431886,0.000961201820865
2.2,0.00152422494349,0.00104844729495,0.00158594436561,0.00196324989649,0.00184791150703,0.00167451683093,0.00183456793031,0.00167577517729,0.00151868783353,0.00205071498079,0.00257674043176,0.00201917805613,0.00171369950351,0.00165197594603,0.00185009023513,0.00245467906011,0.00204669764477,0.00289267133612,0.00217269018659,0.00329602165151,0.000996248883524
2.25,0.00190587085369,0.00144466266297,0.00158060995406,0.00212119765505,0.00176831664326,0.0015404185512,0.00190685086353,0.0016745285337,0.0013195694778,0.00203239001515,0.00265974800991,0.00157007890475,0.00189860977948,0.00140473495034,0.0017436685221,0.00169665479454,0.00197437582042,0.0025960572036,0.00167764941097,0.00319032113907,0.000915409746605
2.3,0.00265767275222,0.00184924467585,0.00166844894792,0.00208240030268,0.00164157116289,0.00160786629064,0.00205391749319,0.00149918738804,0.00126630252135,0.00190058329077,0.00191715693041,0.00136480690203,0.00205364290681,0.00137210628798,0.00166600821761,0.00118862979114,0.00171883132184,0.00231709737565,0.00190572579354,0.00296288330243,0.000902649442437
2.35,0.00365646936279,0.00237788203881,0.00177421447172,0.00223359563513,0.00167443076575,0.00164061187093,0.00176614895107,0.00157373930932,0.00130862740606,0.00171315537665,0.00183236310285,0.00134111013623,0.00203533757417,0.00145441555741,0.00125347694262,0.0011140520041,0.00152553251868,0.00234784660452,0.00230261930461,0.00290580896088,0.000887825575586
2.4,0.00423913192766,0.00247949076548,0.00173837166812,0.00245790031794,0.00180881578732,0.00168318930741,0.00193983318954,0.00173301582573,0.00175443973703,0.00179053289099,0.00171095527492,0.00151948755698,0.0021087907672,0.00151283541663,0.000845069916448,0.00117195484106,0.00145302495814,0.00239991778182,0.0028990611886,0.00250606921233,0.000850188329631
2.45,0.00409775663346,0.00238742761888,0.00193260169499,0.00247475843918,0.00205138489212,0.00170799461709,0.0018426407334,0.00211965132545,0.0018431748656,0.00177454993967,0.00110705334951,0.001518239514,0.00241047854556,0.00176436835384,0.00077307226879,0.0015566911251,0.00145237104278,0.00224243622969,0.00291634038076,0.00236380132516,0.000554634148651
2.5,0.00324952812537,0.00235539552687,0.00201053699296,0.0026514743105,0.00236995296636,0.00173951859768,0.00208230565354,0.00221874745892,0.00178831587812,0.00156914045456,0.000870976898635,0.0018245750958,0.00228567153707,0.00193450434974,0.000774881139363,0.00169490313095,0.0015140636971,0.0017055701573,0.0026698151749,0.0024729194234,0.000487486567019
2.55,0.00232459894792,0.00203253982029,0.00208472106993,0.00273986075772,0.00217809095722,0.00194750205632,0.0020045379066,0.0021309515186,0.00155425290627,0.00160504958042,0.000791661936313,0.00203465008305,0.00188120158181,0.00207437122878,0.000865844158856,0.00180174260218,0.00173947343102,0.00122900047279,0.00260900003367,0.00277855514875,0.000709500298667
2.6,0.00166104256733,0.00177156814525,0.00234170876891,0.00256599218313,0.00213146009791,0.0020623669938,0.00224102117997,0.00197587300471,0.00158055644005,0.00172300540205,0.000959404780096,0.00176407968065,0.00158308499242,0.00211246412145,0.00108858260582,0.00204616673491,0.00225748448164,0.0011085652229,0.0026323703691,0.00293610022388,0.00055513947411
2.65,0.0018104328863,0.00192697394173,0.00219238806095,0.00222992617788,0.00187281145231,0.00212497626343,0.00175128133255,0.00208738421694,0.00134427116496,0.00167013060983,0.000993066286517,0.00161077792197,0.0017152498064,0.00200690935458,0.00123773205632,0.00216519222547,0.0023607980271,0.00130423185539,0.00273482431739,0.00304318371166,0.00044333190307
2.7,0.0018329619362,0.00217059336425,0.00233280909962,0.00234608564556,0.00171496836649,0.00210031204269,0.00147170140187,0.00216446543905,0.00128989458448,0.00185291781898,0.000954529255426,0.00143829760488,0.00177138441543,0.00207864874727,0.00114002456782,0.00198782315524,0.0024495188547,0.00139975153141,0.00287914115792,0.00276436294295,0.000338912206992
2.75,0.00186184420578,0.00217754947356,0.00221856993181,0.0021563494581,0.00159469933614,0.00201570520849,0.00133203014951,0.00209404113361,0.00124705651686,0.00187871190711,0.000980181540036,0.00144442647084,0.0013735550242,0.00207389587276,0.00127850321056,0.00188070722849,0.00252381766181,0.00184083148775,0.00254048363402,0.0023104495676,0.000487944005589
2.8,0.00211858886538,0.00211259060749,0.00204236570561,0.00235354459712,0.001508116337,0.0019640441402,0.00170992936714,0.00176761492048,0.00144506920647,0.00180414375775,0.000926144298757,0.00177564155324,0.00133188002927,0.00189682231753,0.00111336692496,0.00167599118599,0.00239185667501,0.00218447234681,0.00233680915797,0.00208940674686,0.000565872237283
2.85,0.0020280855002,0.00250717349934,0.00225287210217,0.00261464245651,0.00135203804484,0.00199167425349,0.00230132728486,0.00172113014213,0.0016849232789,0.00148842778838,0.00106747970492,0.00190962718383,0.00122651569717,0.00164953224652,0.00118344470205,0.00165842129049,0.00216828663687,0.0030764301558,0.00206107728214,0.00193629833924,0.000859850087511
2.9,0.00214538682893,0.00286116463819,0.00215903516585,0.00251894170491,0.00142920408984,0.00198370487047,0.00258746664983,0.00170446951169,0.00169631411524,0.00141964181145,0.00116746907465,0.00241678170104,0.00142239509839,0.0016362540542,0.00121935337639,0.00167031053624,0.00239697016823,0.00335502536217,0.0020674862282,0.0018133396095,0.00118556453465
2.95,0.00267464683796,0.00310910306287,0.00230958550117,0.00238497745592,0.0015109783422,0.00186405510835,0.00266360944077,0.00181385249246,0.00163011475292,0.00154069325162,0.00166706904564,0.00249070576552,0.00183843794741,0.00173712416533,0.00122499800022,0.00149892473972,0.00268662722955,0.00334907259347,0.00184407782077,0.00188165588477,0.00175723476006
3.0,0.00220460311581,0.00286923449678,0.00223561506658,0.00204934610836,0.00164714620235,0.00184845002113,0.00226890587116,0.00169092137597,0.00144750657957,0.00166945071876,0.00190666860145,0.00277966824606,0.00208384923428,0.0019798512304,0.00100271476096,0.00167950016706,0.00278183005434,0.00343700181615,0.00164486152152,0.00204835549185,0.00156723185668
3.05,0.00216657044411,0.00269122670819,0.00208554604489,0.001933888404,0.00164158258089,0.00193753474222,0.00197571737923,0.00164229563011,0.00145410044077,0.00162249804355,0.00210442869121,0.00271593611857,0.00235207122644,0.00192463468559,0.000954480756695,0.00187415685827,0.00261003642847,0.00393822485799,0.00146740791055,0.00210501516534,0.00148248801837
3.1,0.00171381377681,0.00195776749426,0.00180661233018,0.00174423966958,0.00166475022654,0.00186854629104,0.00203043168327,0.0017509420577,0.0014203548384,0.00164514684572,0.00219833891219,0.00251779903117,0.00208178224306,0.00195722061218,0.000957075095127,0.00201828263288,0.00245599098294,0.00393779881602,0.00156740827853,0.00200575351564,0.00151280420164
3.15,0.00129212721911,0.00185117560001,0.00188469476399,0.00147905278857,0.00156155122763,0.00153235100983,0.00210524688572,0.00177628837796,0.00150976627085,0.00163032344877,0.00213239301872,0.00240735098687,0.00173402084434,0.00175488378572,0.000914516493403,0.00206277159458,0.00240991673514,0.00426279734797,0.00158120346069,0.0018415253219,0.00165740343353
3.2,0.00143237810078,0.00198496412042,0.00177153770293,0.00145898467267,0.00163897388328,0.00144778244935,0.00223050318303,0.00195200483581,0.00148658935533,0.00182235261959,0.00214989363329,0.00240801005365,0.0018368050456,0.00149101401791,0.000862506812807,0.00196069367675,0.00240627199777,0.00364511159687,0.00193979127966,0.00173800832606,0.00145534457454
3.25,0.00167199306348,0.00201072105429,0.00202615189385,0.00176864877626,0.00184561309425,0.001376280159,0.00240278701743,0.00182176793099,0.00132229607745,0.00202652523032,0.00213318447351,0.00205664722632,0.00181364979983,0.00114920790656,0.000939189544101,0.00180803323889,0.00240131236152,0.00341032516718,0.00183736410144,0.00187139040714,0.00140960423794
3.3,0.00200378575195,0.00166722974616,0.00185261116906,0.00192363906475,0.00166132153578,0.00146217578349,0.00250086858445,0.00178490836976,0.00132770094784,0.00193971916521,0.00210019915075,0.00178818281627,0.00192649047095,0.00115004241857,0.00119480822275,0.00164843085568,0.00192010227948,0.00279683509617,0.0015989264018,0.00186225036174,0.00101449473144
3.35,0.00191741619673,0.00173748894932,0.00172563421418,0.00208545688729,0.00159241656022,0.00155368323512,0.00218622227428,0.00173097436445,0.0014981287886,0.00201585734313,0.00184023280039,0.00182754130445,0.00188395341467,0.00127753185546,0.00130855844178,0.00166173954825,0.00185590577574,0.00172803767755,0.00171779263145,0.00196812773856,0.00130120807031
3.4,0.00179941997491,0.00246572680129,0.00162122399197,0.00210141076686,0.00158901213153,0.00166357482658,0.00199592229034,0.00182571543233,0.00167651843364,0.00191207999208,0.00191608191383,0.00181092944842,0.00184796927141,0.00165143535515,0.00131657937151,0.00190953628643,0.00192518202515,0.0014234284997,0.00204718510106,0.00196424765961,0.00193279203815
3.45,0.002063521244,0.0027849508203,0.00143146763388,0.00198743477097,0.00152265312116,0.00171530031453,0.00173820574823,0.00176452061481,0.00159697071663,0.0017535164412,0.00200235137461,0.00173888490988,0.00197327260755,0.00176927023157,0.00148056833749,0.00205486076552,0.00228186330696,0.00117228931672,0.00242962667177,0.00215827280053,0.00289197370781
3.5,0.00217748593854,0.00251760830519,0.00131149569914,0.00179638676989,0.001527983099,0.00151089495743,0.00163726190625,0.00160896566554,0.00132144824611,0.00186174073729,0.00216765148809,0.00163554287601,0.00169851515708,0.00205028015219,0.00164475713467,0.00215698175918,0.00269458584776,0.0010329066826,0.00277297034416,0.00270865338341,0.00311101482012
3.55,0.00220058355196,0.00233799757867,0.00125114486865,0.00154628558678,0.00152511189607,0.00138132312751,0.00152438737951,0.00162459750782,0.00125732879926,0.00202038566082,0.00201440857083,0.00156638702712,0.00169106238679,0.00186988447391,0.00204917126058,0.00198975808422,0.00244575674832,0.000970292575878,0.00321924630797,0.00328913742168,0.00333624843143
3.6,0.00198013231609,0.00235902158486,0.00121437305928,0.00134540282687,0.00157916705695,0.00132135713721,0.00127361857705,0.00165389013315,0.00121027345032,0.00228893473176,0.00193237955144,0.00144485418199,0.00164156198942,0.00201843546036,0.00283825077373,0.00177316144571,0.00182708232541,0.000944753187419,0.00326376738299,0.00330853218341,0.00330893313129
3.65,0.00169476770433,0.00225592555117,0.00132044524543,0.00121036113104,0.00193250701606,0.00133715593052,0.00116228512923,0.00211001484832,0.00134303021482,0.00215241667931,0.00202895167803,0.00136840614397,0.00159978427468,0.00172563713209,0.00292424616277,0.00196116321437,0.0015009933051,0.00172134906685,0.0030610151361,0.00307195393387,0.00355419555873
3.7,0.00177359875594,0.00227956696558,0.00143936767539,0.0013758171024,0.00204571810393,0.00128460853019,0.00117781665315,0.0027024299706,0.00142582943836,0.00178439676753,0.00175966465466,0.00144394567781,0.00176443175022,0.00181028169786,0.00258290769604,0.0021904868413,0.00130111509527,0.00195732162412,0.00269180273716,0.00281348820031,0.00294576934083
3.75,0.00191586958138,0.00237242973153,0.00142655723625,0.00163677736234,0.00197191816559,0.00138883850779,0.00122452763753,0.00307136019884,0.00185888212426,0.00156729939589,0.00161054183663,0.0018553954953,0.00215839480584,0.00176885425376,0.00211878911229,0.00271926918253,0.00132318027255,0.00224490811964,0.00242290664123,0.0025463661704,0.00205650938485
3.8,0.00209988410444,0.0022060087642,0.00143787915578,0.00199135826325,0.00193911814502,0.00145085647145,0.00161716701893,0.00265481946439,0.00212893315029,0.00152356775445,0.00153734110148,0.00215197226126,0.00230752263167,0.00182497065075,0.00207704083007,0.00294180248252,0.0014849106798,0.00215072624652,0.00246085508585,0.00216865901877,0.00153530031504
3.85,0.00206909958065,0.00259454727631,0.0013103790849,0.00201640663526,0.00168693990192,0.00150377270077,0.00190743546852,0.00232674814352,0.0025208676435,0.00152222334312,0.00160475756132,0.00240739928355,0.00245090261667,0.00194368410188,0.00205623031994,0.00254601687408,0.00157559301823,0.00175398836349,0.00224615301754,0.00177549616634,0.00124931252296
3.9,0.00210797640539,0.00264941314261,0.00129683595285,0.00183068833117,0.0016920663548,0.001476233855,0.00169765443667,0.00204445124469,0.00271024127296,0.0015335644061,0.00160488405273,0.00285116582157,0.00245089492668,0.00186848618319,0.00212947725924,0.00224878825266,0.00154735098704,0.00204099744234,0.00173255276771,0.00172824993823,0.00121766831403
3.95,0.00203912284985,0.002013280731,0.00132070969851,0.00202382069678,0.00174498708788,0.00167408345361,0.00132021355901,0.00200190083976,0.00261592036224,0.001701712829,0.00161847458065,0.00308644582169,0.00255394424554,0.00198047863977,0.00192670767487,0.00194522948758,0.00157535930136,0.00235348685358,0.00157703918334,0.00189217415159,0.00106901137291
4.0,0.00167846040656,0.00185167170596,0.00136704735226,0.00221669398061,0.00176081667596,0.00166443555357,0.000993899193375,0.00208368582486,0.00245268128729,0.00180464031455,0.00176116001483,0.00336284462946,0.00223264530403,0.00210064615218,0.00200118720262,0.00174189570092,0.00172280779537,0.0023268478896,0.00176427650704,0.00191725139585,0.000713606372255
4.05,0.0014105461461,0.0019229467501,0.001553638014,0.00219036281856,0.00171283185372,0.00170000956359,0.000940182334957,0.0019816351341,0.00217986892031,0.00171829469192,0.00181311668827,0.00336890731247,0.00212785385339,0.00190568308859,0.00254063397459,0.00178780280394,0.00188511643035,0.00235732808887,0.00189834108068,0.00175545311955,0.000579212371953
4.1,0.00187571321618,0.00203713494435,0.00179928621039,0.00225485349492,0.00157954586819,0.00174665097358,0.00114904140337,0.00190769187751,0.0022826357057,0.00165900866309,0.0020060008128,0.00270404297024,0.00236004293851,0.00172165880904,0.00324020648797,0.0018515221906,0.00223417958603,0.0026131612357,0.00182525649411,0.00172261693285,0.000634688992531
4.15,0.00206860346628,0.00185536477537,0.00188829606928,0.00240779944368,0.0015331188722,0.00170521289563,0.00154374701078,0.00175613500755,0.00231181462121,0.00150298156538,0.00213493556019,0.00205723211537,0.0027452219057,0.00186666423141,0.00406686675467,0.00182115668003,0.00216298867106,0.00295634187124,0.00180987843187,0.00181311634696,0.000392104540412
4.2,0.00283639431827,0.00176492633476,0.00204791801552,0.00251096210343,0.00152670484557,0.00130752606981,0.00194423046297,0.00157669439664,0.00229500383932,0.00122072127717,0.00232490564936,0.00174922958696,0.00307513859296,0.00180513565479,0.00459320133379,0.00202504495707,0.0021290228189,0.00353372719096,0.00165619039604,0.00181146144509,0.000513630099093
4.25,0.00334193412429,0.00220586119891,0.0019655454559,0.0024911685698,0.00179174246713,0.00127749307091,0.00189892985138,0.00139548034185,0.00254000741225,0.00122344305628,0.00244316751129,0.00181614345137,0.00371255136953,0.00167298890687,0.00502023809188,0.00255310295872,0.00182681727244,0.00467085243684,0.00170955065803,0.00188783223167,0.000550277052678
4.3,0.00319923540134,0.0024950719528,0.00181938572023,0.0023631524346,0.00196686786742,0.00152182286581,0.0017716247904,0.00134970202104,0.00295592508618,0.00110670597159,0.00272741601883,0.00218007836528,0.00497841978276,0.00163126731004,0.00671329026212,0.00377679742546,0.00199951478475,0.00560502570219,0.00170813502275,0.00184437267723,0.00116280395228
4.35,0.00301199535332,0.00262978907895,0.00176528731203,0.0021776423918,0.00224265831497,0.00160218061824,0.00153818272523,0.00141324530878,0.00334345145337,0.00126160249733,0.00299685834071,0.00246890395621,0.00690933494895,0.00185383543161,0.0100635356039,0.00591076069304,0.00238742093759,0.0068030652833,0.0017656524513,0.00202366931082,0.00280676291114
4.4,0.00307558136394,0.00288114491695,0.00184225282248,0.00235343644238,0.00243671878919,0.00161256880115,0.00166309751537,0.00153046030671,0.00418409834872,0.0014185469421,0.00288987312827,0.00273914537311,0.00908168689216,0.00252563043735,0.0141809304048,0.00841954429771,0.00325531220076,0.00780362027571,0.00196699806246,0.00219710199006,0.0043769549159
4.45,0.00360719972138,0.00233624560803,0.00188803302227,0.00231288222128,0.00247979624319,0.00152733651398,0.00157194958963,0.00141776097299,0.00507704536099,0.00131291626766,0.00304321991265,0.00285081798181,0.0106564976746,0.00310843337527,0.0178246683428,0.0107191389222,0.00350515116232,0.00979222575543,0.00221356437458,0.00218945681882,0.00380580868381
4.5,0.00432883112294,0.00207208777644,0.00234956499978,0.00201973232345,0.00224391722946,0.00169139085483,0.00193523428641,0.0013185105836,0.00552637440996,0.00122343800985,0.00363103737157,0.00299603374184,0.0119766806535,0.00339032464381,0.0189366471645,0.0110736620993,0.00434497648372,0.0105377123049,0.00270358109245,0.00236456909487,0.00292402570102
4.55,0.00432010569221,0.00182070845529,0.00240002566228,0.00171547657665,0.00212097257387,0.00176337089273,0.00229113043435,0.00134770339522,0.00565028444352,0.00156316134275,0.0044212287316,0.00316166074934,0.0111813604708,0.00360815966205,0.018167812883,0.0108916319583,0.00512296777574,0.0102235133217,0.00300470844654,0.00246026624279,0.00334813056581
4.6,0.00402868137798,0.00180308097083,0.00256247472448,0.00175430447961,0.0021057169232,0.00168098490203,0.00263713088227,0.00149982564435,0.00503421824352,0.001886019231,0.0054620207066,0.00333467321226,0.0095165486172,0.00374884537906,0.016995692211,0.0105399683292,0.00557928677465,0.00894585945597,0.00309067355061,0.00244476818797,0.00366953116086
4.65,0.00347558204458,0.00185080500929,0.00269564983993,0.00213883387479,0.00246523562122,0.00155142470293,0.00275574206978,0.00176079034802,0.00452113328435,0.00242413730212,0.00685563039137,0.00337550649138,0.00866169361672,0.00444473122597,0.016733789998,0.0109918862225,0.00688508001509,0.00893001204184,0.00344501074007,0.00241535518958,0.00560569784741
4.7,0.00311583296906,0.00190731010192,0.0027627412263,0.00287692157721,0.00292568602739,0.00157528260263,0.00311281752193,0.00200310976379,0.00456719887373,0.00280768287356,0.00767896268551,0.00337956831226,0.00943898479985,0.00607579751654,0.0166181373401,0.0119127469442,0.00853405783033,0.0106100388212,0.00364529085612,0.00221498118412,0.00584335003895
4.75,0.00290470093256,0.00244054973711,0.00249839219027,0.00321746834657,0.00308206831538,0.00176420193781,0.00357472861868,0.00188625082957,0.00482339589943,0.00269607573039,0.00715895553854,0.00342081316336,0.0114336232556,0.00818439725107,0.0177098069482,0.0140400215182,0.0100073402482,0.0126967755371,0.00418916056534,0.00232443279807,0.00529203115951
4.8,0.00266787634106,0.00251372481793,0.00243438590226,0.00348902961003,0.00317905764546,0.001820105569,0.00360133099585,0.0020862047722,0.00432633985697,0.00263253958094,0.00546335592993,0.00331763828347,0.0109299705489,0.00871831825003,0.0174248284825,0.0151846490466,0.0101828829595,0.0143548382731,0.00499037507622,0.00244469256126,0.00427942198228
4.85,0.00226874555929,0.00265125817324,0.00221262082176,0.00381209118346,0.00287695804501,0.00193012289367,0.00311560091867,0.00220539004667,0.0036327215966,0.00231642122627,0.00420686652213,0.00299714728945,0.00953912972525,0.00830103946128,0.014910127913,0.014253435031,0.00946195451796,0.0152326776882,0.00570342509045,0.00272749053311,0.00418529573326
4.9,0.0021810851342,0.002382740474,0.00223254269002,0.0036383637805,0.00261533872076,0.00186959421792,0.00283774471681,0.00251108103341,0.00291514352014,0.00195991905204,0.00382182225047,0.00290869836057,0.00761814280037,0.00598088154139,0.0115352160486,0.0120085761583,0.0080817996879,0.0132768107866,0.00638103727455,0.00276760078971,0.00357311395635
4.95,0.0024377792647,0.00247921933929,0.00280013826452,0.00404302522947,0.00297672077113,0.00189742357877,0.00288240470481,0.00246068412569,0.00233898088041,0.00205912045484,0.00474404192941,0.00359049676214,0.0059801149753,0.00458076769174,0.00883319301955,0.00893719367045,0.00738914013271,0.0114463090584,0.00642691638809,0.00277614053078,0.00395015897364
5.0,0.0037679961112,0.00258461067957,0.00317193971385,0.00539867138802,0.00419252151292,0.00209232674726,0.00314735980844,0.00267907697564,0.00247466959225,0.00247912600406,0.00649188367738,0.00479792136331,0.00506876384135,0.00379990004416,0.0071269322958,0.00773575781991,0.00677535538911,0.010111214279,0.00665503989409,0.00328761729529,0.00428028976211
5.05,0.00570889703371,0.00314815095165,0.0035825180259,0.00781469736664,0.00570678585945,0.00246967042044,0.00330658642157,0.00321177373888,0.00262105053638,0.00325559887077,0.00703807933259,0.00634626143277,0.00503717105852,0.00419952775117,0.00595334032906,0.00730638021087,0.0061768205455,0.00869948826762,0.00662259491038,0.00384576590206,0.003883345449
5.1,0.00803345701908,0.0034797158927,0.00444281391604,0.0103973581192,0.00747233989524,0.00296267799173,0.0035040505587,0.00407152553066,0.00359614009386,0.00374878831475,0.00733243193764,0.00756258342085,0.00477408644716,0.00448250905535,0.00520624445495,0.00704983170388,0.00626764059623,0.00811674455036,0.00746715092414,0.00479458976776,0.00439769306294
5.15,0.00909306991248,0.00418173214261,0.00555558762277,0.0122560299531,0.00848006499757,0.00381434678656,0.00296872970542,0.00506091021733,0.00512847237002,0.00394288989251,0.00839085935116,0.0081719542428,0.00493224339364,0.00480452576048,0.00485785651108,0.00680758112402,0.00659377557656,0.00829605218654,0.00879909350097,0.00555841737915,0.00395344756836
5.2,0.00944188769148,0.0047169045168,0.00690798748858,0.0134132601406,0.00872355179285,0.00462269462239,0.00288840634326,0.00473233889773,0.00710067853622,0.00405572154787,0.008662768563,0.00805329815143,0.00480972965673,0.00481801437715,0.00460368493378,0.00588859912273,0.00671345635419,0.00772993094038,0.0100658068386,0.00616415707345,0.00277841427542
5.25,0.0102982187292,0.00528087277384,0.00797461996299,0.015029755199,0.00838486042741,0.00538190895441,0.00326057905784,0.00416940359463,0.00821904340392,0.00418637529393,0.00864081469319,0.007111994314,0.00400222657052,0.00409539913712,0.00436126428426,0.00468522201697,0.00579995613721,0.00647792193806,0.0106914965334,0.00634070041718,0.00250225463216
5.3,0.00946776106383,0.00517933458642,0.00822301227747,0.0152427917185,0.00772594741603,0.00558177220377,0.00369686532313,0.00372177891261,0.00902272330485,0.00399859064185,0.00811127033301,0.00631925594478,0.00342275683155,0.00332752651768,0.00395375566808,0.00388308733685,0.00494301277924,0.00447152828908,0.0100628086929,0.00602277006877,0.00190591734906
5.35,0.00786673662861,0.00455667637719,0.00755081935649,0.0119848740936,0.00648779215014,0.00475359512587,0.00411678868741,0.00371470198422,0.00920598399672,0.00341352998908,0.00689171636271,0.00598116996168,0.00316445559954,0.00299968517717,0.00361856109262,0.00377451571382,0.0039933332745,0.00393903488229,0.00749102908805,0.00513873666757,0.00218372555519
5.4,0.0069448415073,0.00426346816377,0.00725440522952,0.0102715093711,0.00582988038321,0.00424393397451,0.00419136464979,0.00421877232535,0.00939698469762,0.00351972124713,0.00597959329765,0.00531614017057,0.00305099169961,0.00290830553648,0.00328417596208,0.00360194160958,0.00351024856896,0.00362198361547,0.00512901906878,0.0040258503313,0.00180594158079
5.45,0.00671265896621,0.00397480213411,0.00587048821346,0.00915878592006,0.00468168951295,0.00388231016197,0.00377981995059,0.005243228273,0.0102835129443,0.00408937782472,0.00551880162011,0.00500738827141,0.00302808608602,0.00300043257566,0.00272215714126,0.00316533066166,0.00349282822729,0.00334961385534,0.00373856596955,0.00315665952308,0.00214253828485
5.5,0.00560301143711,0.00378409816115,0.0047320642063,0.0088520282791,0.0041331168946,0.00348014614504,0.00344535733888,0.00657589774713,0.0101989677247,0.0051725955238,0.00405490488137,0.00478321202569,0.00297031978179,0.00305196408611,0.00268526073058,0.00286351773794,0.00358038715152,0.00316178428139,0.00326616619049,0.00289824862008,0.00207886537735
5.55,0.00479957791095,0.00431959687263,0.00402051379276,0.00806965417032,0.00400282731553,0.00348096457823,0.00314024584814,0.00783093698657,0.00956009932515,0.00610363323919,0.00330746994885,0.00379756039684,0.00274830615585,0.00291782146079,0.00256625464524,0.00272052442862,0.00346854115055,0.00309501385494,0.00292878392977,0.00307205109939,0.00164318378791
5.6,0.0040707322089,0.00476082297911,0.00364057034665,0.0070367097832,0.00379514267632,0.00348821187915,0.00258389353057,0.00851617776222,0.00802097888433,0.00634415987056,0.00274975794509,0.00301817622029,0.00265606902134,0.0027189027623,0.00234483003537,0.00300083112691,0.00306083646716,0.00295408953499,0.00281096266238,0.0031997849093,0.00143754285861
5.65,0.00467562980623,0.00478374261202,0.00318162105703,0.00612482911052,0.00371373730997,0.00347915676839,0.00203837633414,0.00797676400229,0.00669240975074,0.00565226700341,0.00270080417511,0.00273222087661,0.00248207081231,0.00238897274512,0.00220710301965,0.00294773558125,0.00257474052971,0.00319249524122,0.00243525780765,0.00311045735121,0.00135643960826
5.7,0.00554319398888,0.00441212273996,0.00250703613143,0.00556375628382,0.00388704239448,0.00353044363484,0.00203613163433,0.00649556482909,0.00505404499366,0.00459533239821,0.0030358147703,0.00262764603203,0.00251372579837,0.00188502208817,0.00202028193886,0.0026282708291,0.00223470601683,0.00325659882171,0.00242826870583,0.00266347426483,0.00120141009813
5.75,0.00608950254105,0.00433106989821,0.00248312335791,0.00516318298383,0.00360869319254,0.00359234080618,0.00208218826832,0.00500893655122,0.00384805206291,0.00370797109935,0.0032689467046,0.00260376753766,0.00234548086388,0.00171760383145,0.00173616159906,0.00240738940175,0.00203098103709,0.00279654495737,0.00287522453563,0.00241861124884,0.00121643716575
5.8,0.0060610749517,0.00437993897166,0.00252067553548,0.00471572423634,0.00387370937274,0.00298562624951,0.0021316633584,0.00400277464213,0.00295945725319,0.0026505253679,0.00302858307206,0.00284927580457,0.00186844545686,0.00170932459215,0.00165888317983,0.00199590536204,0.001930268879,0.00225384403421,0.0034511460379,0.00243994013941,0.00101980184441
5.85,0.00543373997463,0.00420517864828,0.00219770552166,0.00422904737029,0.00368150379778,0.00273923454634,0.00196833691923,0.00362673732704,0.0026633063177,0.00234997818009,0.00276299244458,0.0027011624123,0.00196714018641,0.00176123941779,0.00180604364295,0.00160948666636,0.00178266699423,0.00207018707361,0.00384625003864,0.00250638406617,0.00143710114584
5.9,0.00426541188481,0.00464414162311,0.00240642648006,0.00383993768546,0.00370036754127,0.00275601075173,0.0020184983585,0.00339312402718,0.0028068682354,0.00189240498167,0.00263081870087,0.00247166928649,0.00179738229961,0.00171067970802,0.00210166055004,0.00152300053555,0.00162733270496,0.00200640730435,0.00335294733878,0.00240047116126,0.00164253351677
5.95,0.00406253624486,0.00419951602116,0.00299874160036,0.00325447502387,0.00344679055447,0.00305792094602,0.00175935567512,0.00307257398389,0.0026790269411,0.00170547687584,0.00245559878558,0.0020402339963,0.00201466452426,0.00165068849745,0.00210992409973,0.00156274596662,0.00164679441261,0.00213314084329,0.00303182804206,0.00234890834211,0.0012910572675
6.0,0.00399414401932,0.00431691360117,0.00356443030832,0.00292961974836,0.00314056235903,0.00306795167879,0.00147390064074,0.00285383250406,0.00244882696862,0.00166822619679,0.00241425249352,0.00186620981313,0.00227727699926,0.00149489485085,0.00203296917693,0.00151792426549,0.0015968117534,0.00218527690793,0.00257053571774,0.0023572355932,0.00142848710774
6.05,0.00386996904131,0.00419679104977,0.00349282026215,0.0028997322863,0.00285726772827,0.00327098659374,0.00154354363743,0.0027944738674,0.00229980547675,0.0017570756052,0.00238836313769,0.00196269690798,0.00261026176656,0.00158110031072,0.00207130400025,0.00146627921595,0.00160412451459,0.00194491986039,0.00211943444295,0.0023621879118,0.00175956297851
6.1,0.00367933510982,0.00392661323156,0.00311368272974,0.00313901651643,0.00233524937722,0.00325025888265,0.00136662627415,0.00289209900713,0.00193131102511,0.00199111833238,0.00245594070808,0.00210127637692,0.00265003518658,0.00175982755232,0.00176437766431,0.00176583620025,0.0017639458793,0.00180152705919,0.00179304372522,0.00232261338939,0.00188024141892
6.15,0.00324967066189,0.00385234106652,0.00329790669185,0.00357735937097,0.00228453476414,0.00318918429862,0.00162792089358,0.00291279666849,0.00176624619548,0.00223635134455,0.00245238225748,0.00215455670455,0.00230843754171,0.00242727959556,0.00170905928869,0.00214374344122,0.00214274101232,0.00155608572167,0.00179658493719,0.00219263410052,0.00198542556373
6.2,0.00247999752209,0.00349595891395,0.00331206670949,0.00355841468535,0.00230860332806,0.00292943045011,0.00193752643911,0.00243054786203,0.00154475952508,0.00246931002985,0.00231441995222,0.00201157759606,0.00234122368904,0.00245048468603,0.0015725288266,0.0025536835554,0.00215491336118,0.0016022331404,0.00202554328219,0.00198038519079,0.00198160016776
6.25,0.00257069857449,0.00316608038933,0.00331169346393,0.0036181184054,0.00255998975345,0.00282037033947,0.00187126741749,0.00227551215184,0.00149673366131,0.00235635502151,0.00209076679282,0.00176906170678,0.002345285375,0.00232670947311,0.00151769376632,0.00263979622872,0.00209518278583,0.00145291725268,0.00230553829119,0.00200960639847,0.0012591638525
6.3,0.00288533374246,0.00306688187126,0.00356164260577,0.00322673870456,0.00273648424355,0.00295472020637,0.00181404547284,0.00199254030567,0.00127467730327,0.00184209445139,0.00207083875445,0.00158199230197,0.00247140114501,0.00215526041623,0.00163542147809,0.00212996712111,0.00199013164691,0.00167972712641,0.0025744470324,0.00208531277128,0.0011712650341
6.35,0.00263075365023,0.00255742328788,0.0034412916248,0.00297534223825,0.0028327291083,0.00262208084607,0.0019209884736,0.00186747899938,0.00124900221249,0.0014976904822,0.00201259843008,0.00146017875288,0.00240279464264,0.00208293855867,0.00173270936797,0.00203976492944,0.00207793903451,0.00196745185027,0.00250041897221,0.00213019463163,0.00109958738763
6.4,0.00262909303851,0.00285787932366,0.00304190509963,0.00237876253651,0.00232471633754,0.0023714823633,0.00184690197253,0.00181003629683,0.00121945071326,0.00115214875107,0.0019983004026,0.00131075026537,0.00233277643495,0.0017811557177,0.00201964761553,0.00214216419813,0.00222151066859,0.00241198332568,0.00235761179132,0.00214098478103,0.000828685225759
6.45,0.0020174745757,0.00270710164301,0.00327130546828,0.00218715146256,0.00206201601128,0.00212356136538,0.00200232989334,0.00184987558083,0.0013585472787,0.00121536354067,0.00174962785371,0.00133198179011,0.00220454252918,0.00168250235308,0.00190125793421,0.00220721693505,0.00219835032102,0.00282325750381,0.00225348383329,0.00221837370719,0.000659204467844
6.5,0.00173494282948,0.00309204994543,0.00339900290406,0.00228788948958,0.00202894102957,0.00214609419835,0.00203623073676,0.00194967231416,0.00159546766054,0.00121291503876,0.00134062752423,0.00129663784878,0.00224736426079,0.00171653801271,0.00227319849315,0.00250525752167,0.00218847898235,0.00311554437693,0.00216975766874,0.00195157183722,0.000521803619611
6.55,0.00167690546055,0.00325817216659,0.00296968881417,0.00227445472474,0.00219641180237,0.00215861782713,0.00172126749174,0.00231586857139,0.00170248617015,0.00127690552994,0.00123698288773,0.0014421259518,0.00216266888359,0.00198822591534,0.0023100942776,0.00262600299289,0.00217276666438,0.0029064730917,0.00215792402555,0.00184837478792,0.000632773081996
6.6,0.00207642131397,0.00306611181481,0.00304098282096,0.00237134644708,0.00230704944283,0.00217460042842,0.00153374987803,0.00232862677228,0.00165122070476,0.00156999875056,0.00130541042353,0.00130912033803,0.00238859754076,0.00202433083959,0.00237080815492,0.00233227993658,0.00180041711571,0.0025769884234,0.00205459188893,0.00180122014462,0.000536473035883
6.65,0.00265447932432,0.00262708280334,0.00274924838362,0.00230175728605,0.00234370862541,0.00231700228677,0.00163848011463,0.00231807119488,0.00172009059631,0.00197333176874,0.00136873301745,0.00136640443113,0.00225966308786,0.00206781837531,0.0022407650849,0.00188276400846,0.00159068328549,0.00213124759945,0.00196172503325,0.00178900868834,0.000578576263096
6.7,0.00288405972476,0.00259681780691,0.0022160820658,0.00218642274891,0.00213909390493,0.00227335489409,0.00192278020528,0.00208832032141,0.00189942089244,0.00234979416375,0.00148723197934,0.00147272532949,0.00199605489591,0.00194639487374,0.00208251595932,0.00160556878561,0.00156551129336,0.00221214190411,0.00199830458387,0.00188549586344,0.000520362230873
6.75,0.00250930450831,0.00248192601032,0.00193438131082,0.00228899159609,0.00200844620216,0.0022203299256,0.00211024138054,0.00184161002935,0.00214595330356,0.00220875585262,0.00149373357153,0.00168123175718,0.0016326664387,0.00179643672673,0.00193512306271,0.00163431054831,0.00150680244765,0.00215860824322,0.00220855925211,0.00198554360998,0.000511023598657
6.8,0.00197881035752,0.00176450279248,0.00176941786031,0.00227887515276,0.00194221077363,0.00209589931314,0.00246214993433,0.00189074465765,0.00212244638982,0.00191268687457,0.00141964595774,0.00192438121104,0.00156218969229,0.00176017904215,0.00191039090822,0.00186596319712,0.00149163193466,0.00185049821868,0.00234152104399,0.00210063264878,0.000746013803901
6.85,0.00172618862296,0.00111275933134,0.00175435948001,0.00217191256606,0.00182602322347,0.0021315754246,0.00224618401299,0.00182675046408,0.00225115308297,0.00173167237023,0.00146848766024,0.00207332577946,0.00166424141072,0.00194409778213,0.00185272674159,0.00199668613229,0.00144180380165,0.00160699638994,0.0023808870551,0.00201957653715,0.00105969861268
6.9,0.00158276466245,0.000956415109862,0.00178770075808,0.00198147346672,0.00149930221395,0.00208789903362,0.00190579382517,0.00185623214611,0.00223920625829,0.00160406626918,0.00151862614252,0.00215203862703,0.00196099685228,0.00196680828782,0.00162103789925,0.0021500734489,0.00172046025387,0.00104851218195,0.00242555371654,0.00202581166107,0.00155014119687
6.95,0.00179767535428,0.00127756393258,0.00181779279334,0.00205917416436,0.00142682284214,0.00188069234758,0.00197039701023,0.00189960161482,0.00206751901924,0.00153227506966,0.00167987282415,0.00195028495952,0.00213138174592,0.00210299489621,0.00174679036677,0.00216523281128,0.00186494032058,0.00117427709335,0.00244939174648,0.00198645617099,0.00169228826882
7.0,0.00198070532103,0.0016732080999,0.00201898533238,0.00220308269821,0.00172825486782,0.00180206958963,0.00189880766969,0.0019889657808,0.00205520000241,0.0015356654767,0.00170932825375,0.00166373292665,0.00216531529155,0.00213589053116,0.00162282109067,0.00207571716887,0.00203904823616,0.00121109502484,0.00233331222939,0.001863247065,0.00249256776706
7.05,0.00197181718379,0.00225998668166,0.00208101262478,0.00226683794873,0.00194853532868,0.00192949807084,0.00217109635459,0.00186172044657,0.00211068252658,0.00170362887835,0.00170851391569,0.00153059739213,0.00232162515502,0.00197300042599,0.00148143416405,0.00211640284593,0.00223782252665,0.00111533857042,0.00226674913589,0.00186346369751,0.00240914291151
7.1,0.00178925739716,0.00239826854626,0.00180193672331,0.00189033597332,0.00227841428377,0.00190277772562,0.00207650339149,0.00167514967571,0.00220990961622,0.00193253945698,0.00174255610705,0.00168434211721,0.00210262849166,0.00183038674725,0.00151059072062,0.00210027349464,0.00215411402569,0.00123587497695,0.00219780652245,0.0021159218713,0.0023959563373
7.15,0.0021069049188,0.00216299765567,0.00151795091902,0.00192470948935,0.00224718112464,0.00189659645685,0.0017644045723,0.00137685223956,0.00204398311521,0.00186554329397,0.00185745862219,0.0020269329001,0.00169519504364,0.00190182921793,0.00125958342121,0.001802496445,0.00194038889367,0.00141760396352,0.00197609908433,0.00201180321489,0.00204673499029
7.2,0.00235680625332,0.00200483683329,0.00140299128614,0.00201917928447,0.00226497342751,0.00195963897111,0.00157365923499,0.00150790548199,0.00225995818657,0.00211766148555,0.00148641115809,0.00227678546437,0.00141149250722,0.00204395057005,0.00111537516445,0.00162822639076,0.00173427005614,0.00142199144511,0.00188339790118,0.00193110748861,0.00193690843298
7.25,0.00285954346688,0.00216735651001,0.00143267387977,0.00209164712517,0.00229918070322,0.00199761857824,0.00145598597572,0.00158352226017,0.00224637653651,0.00214026546081,0.00145621397842,0.00209267700557,0.00124996196929,0.00213925268965,0.00113136213842,0.00166264161238,0.00155156388756,0.0015770240976,0.00202338114651,0.0019574946517,0.0014523913143
7.3,0.002968146094,0.00264989631491,0.0017038766197,0.00236302349363,0.00224328860085,0.00202935596952,0.00138188010271,0.00164351082651,0.00234104818829,0.00203750603122,0.001345749741,0.00187992590192,0.00107622470267,0.00187988732855,0.00119768667153,0.00188004069194,0.0013937358084,0.00134844873926,0.00224015976681,0.00192645685438,0.00135837499309
7.35,0.00272939227761,0.00277639329976,0.0016912788222,0.00238333859816,0.00198910143658,0.00192870039872,0.00119305341765,0.00136974772391,0.00198932716022,0.0020166713978,0.00123087561994,0.00177840484931,0.000943540744026,0.00174281574549,0.00135031079825,0.00208075350585,0.00150901921719,0.00121720748866,0.00216469086598,0.00183066673937,0.00111574067281
7.4,0.00243876017041,0.00255134092348,0.00154997140209,0.00240877062879,0.00174129672756,0.0016376994658,0.00123266655863,0.00118926829249,0.00166444036505,0.00210978503281,0.00123579557962,0.00180907849106,0.000947893894367,0.00192401204167,0.00145902420974,0.00182878444717,0.00173489543868,0.00144272763544,0.00213006980002,0.00188166151552,0.00117493600687
7.45,0.00273981084572,0.00222964206056,0.00133004899339,0.00205799946449,0.00167968708053,0.00147352948082,0.00134789553402,0.00110268109221,0.00179885711285,0.00224429541472,0.00123388949671,0.001566522538,0.00105775419448,0.00206696146841,0.00125276627633,0.00187622562805,0.00178615915632,0.00140313329159,0.00230392497023,0.002011549347,0.00101266299047
7.5,0.00274851885537,0.00257475508232,0.00139946114437,0.00181231036595,0.00151607351231,0.00143299174955,0.00154130228029,0.00124182100315,0.00181775142413,0.00204855813891,0.00106014368052,0.00145728665192,0.00109274338618,0.00192547701342,0.00129263528883,0.00227162487918,0.00175048173782,0.00160816822453,0.00218151548849,0.00211112013256,0.00117528691659
7.55,0.00260859548277,0.00253111364483,0.00134760015655,0.00174647763866,0.00138265101198,0.00152309394739,0.00146058323438,0.00125890693499,0.00160469204325,0.00184961794327,0.00102112921253,0.00129747389618,0.00175407714792,0.0018455612974,0.00131419704618,0.00212645114415,0.00159009130623,0.00149154501953,0.00181249297504,0.00199571312281,0.00094758481275
7.6,0.00236153667503,0.00197849091504,0.00139158847493,0.00179304583025,0.00142133521214,0.00180558670472,0.00157403744873,0.00140450442061,0.00146135461105,0.00231055491618,0.000917767736364,0.00134432120515,0.00229326813517,0.00183921044765,0.00140991928554,0.0020890735225,0.0015185406283,0.0016487036281,0.00140932881715,0.00181135843331,0.00151890472702
7.65,0.00219088752713,0.00211848607461,0.0012771087776,0.00200427259181,0.0015802921587,0.00182203883003,0.00176377691371,0.00167761883134,0.00149527092652,0.00255336330579,0.00119069730825,0.0014355454088,0.00275511006958,0.00171139230532,0.00138794451287,0.00216180180984,0.0015199741634,0.00196885825687,0.0012487394647,0.00160122269312,0.00260135267959
7.7,0.00189296321325,0.00184660639565,0.00142912222879,0.00194828055802,0.00188502686503,0.001599416198,0.00205390738053,0.00171107418541,0.0015916965641,0.00241114938173,0.00175504904731,0.00163816365578,0.00293412256571,0.00170315179177,0.00146421546966,0.00196192271738,0.00152684695341,0.00199886743889,0.00110996672992,0.00169272636132,0.00355229067748
7.75,0.00200089869916,0.0019588077983,0.00133069638957,0.00185842356759,0.00208710654397,0.00145347033475,0.00215142323882,0.00155634327383,0.00149617326664,0.00208063030855,0.00208003809323,0.00186974748213,0.00284857446407,0.00174857767478,0.00163006798354,0.00197835320085,0.00164607392352,0.0018805159625,0.00132358852785,0.00176524588084,0.00376212820277
7.8,0.00280543756022,0.00236543267394,0.00140371868065,0.00178672290837,0.00213862527696,0.00147622650692,0.00268525054949,0.00150052793735,0.00155720859079,0.00190563852011,0.00216689524975,0.00204824297398,0.00263778535262,0.001556685709,0.00163853665757,0.00184459897543,0.00181615475437,0.00172822645286,0.00167465740322,0.00166914824228,0.00363631352687
7.85,0.00330956451203,0.00264531147748,0.00149638052523,0.00166720537703,0.00210194947855,0.00153242162736,0.00294776657502,0.00168305195372,0.00168978019923,0.00168760366174,0.00225257896583,0.00191996062357,0.0021868175355,0.00160092462318,0.00170872058436,0.00174680631056,0.0019712200898,0.00137454302363,0.00177595393364,0.00147851984689,0.00267234518927
7.9,0.00289975425341,0.00269312949132,0.0016226566267,0.00165661368905,0.00195172070756,0.00172859838713,0.00277046427646,0.00176490244393,0.00190387916931,0.00154488191716,0.00230827420325,0.00162477484634,0.00203636235387,0.00155191384158,0.00182946737969,0.00186320044547,0.00202479233174,0.00150504699867,0.00207278845593,0.00144533224932,0.00128261618775
7.95,0.00253144394688,0.00259490596924,0.00155062521538,0.00174337705061,0.00204573851023,0.0019984065738,0.00237156416093,0.001831130333,0.00174388345037,0.00167569844849,0.00231761794134,0.00125819955327,0.00231897288881,0.0014991033757,0.0021834018313,0.00170438284754,0.00196807252286,0.0015889436213,0.00207230577421,0.00153255622646,0.00092356478932
